patient_id,arrival_time,acuity,decision_time,decision,bed_type,waiting_time,priority_score,reason,admission_time,departure_time,length_of_stay
1,4.1872,1,4.1872,ADMITTED,General,0.0,180.0,General bed available; least-specialized compatible assignment for Level-1 (elapsed wait: 0.0m; free General: 30),4.1872,86.4862,82.2991
2,8.9521,2,8.9521,ADMITTED,Monitored,0.0,390.0,Monitored preferred bed assignment for Level-2 patient (elapsed wait: 0.0m; free Monitored: 10),8.9521,214.2051,205.253
3,11.8578,1,11.8578,ADMITTED,General,0.0,180.0,General bed available; least-specialized compatible assignment for Level-1 (elapsed wait: 0.0m; free General: 29),11.8578,162.501,150.6432
4,12.0929,2,12.0929,ADMITTED,Monitored,0.0,390.0,Monitored preferred bed assignment for Level-2 patient (elapsed wait: 0.0m; free Monitored: 9),12.0929,134.1611,122.0683
5,13.7438,1,13.7438,ADMITTED,General,0.0,180.0,General bed available; least-specialized compatible assignment for Level-1 (elapsed wait: 0.0m; free General: 28),13.7438,69.4033,55.6594
6,14.406,2,14.406,ADMITTED,Monitored,0.0,390.0,Monitored preferred bed assignment for Level-2 patient (elapsed wait: 0.0m; free Monitored: 8),14.406,281.6765,267.2704
7,14.4145,1,14.4145,ADMITTED,General,0.0,180.0,General bed available; least-specialized compatible assignment for Level-1 (elapsed wait: 0.0m; free General: 27),14.4145,142.0166,127.6021
8,17.7099,1,17.7099,ADMITTED,General,0.0,180.0,General bed available; least-specialized compatible assignment for Level-1 (elapsed wait: 0.0m; free General: 26),17.7099,150.8056,133.0957
9,18.3862,1,18.3862,ADMITTED,General,0.0,180.0,General bed available; least-specialized compatible assignment for Level-1 (elapsed wait: 0.0m; free General: 25),18.3862,199.8378,181.4516
10,20.6136,1,20.6136,ADMITTED,General,0.0,180.0,General bed available; least-specialized compatible assignment for Level-1 (elapsed wait: 0.0m; free General: 24),20.6136,303.7397,283.126
11,27.0715,2,27.0715,ADMITTED,Monitored,0.0,390.0,Monitored preferred bed assignment for Level-2 patient (elapsed wait: 0.0m; free Monitored: 7),27.0715,187.6842,160.6127
12,31.1035,2,31.1035,ADMITTED,Monitored,0.0,390.0,Monitored preferred bed assignment for Level-2 patient (elapsed wait: 0.0m; free Monitored: 6),31.1035,224.5241,193.4206
13,32.3913,1,32.3913,ADMITTED,General,0.0,180.0,General bed available; least-specialized compatible assignment for Level-1 (elapsed wait: 0.0m; free General: 23),32.3913,184.7568,152.3655
14,35.1752,1,35.1752,ADMITTED,General,0.0,180.0,General bed available; least-specialized compatible assignment for Level-1 (elapsed wait: 0.0m; free General: 22),35.1752,193.431,158.2558
15,42.8616,3,42.8616,ADMITTED,Critical,0.0,1640.0,Critical acuity priority allocation (elapsed wait: 0.0m; Critical free: 5/5),42.8616,245.4264,202.5649
16,43.2616,2,43.2616,ADMITTED,Monitored,0.0,390.0,Monitored preferred bed assignment for Level-2 patient (elapsed wait: 0.0m; free Monitored: 5),43.2616,234.688,191.4264
17,44.3484,2,44.3484,ADMITTED,Monitored,0.0,390.0,Monitored preferred bed assignment for Level-2 patient (elapsed wait: 0.0m; free Monitored: 4),44.3484,174.0857,129.7373
18,44.8495,2,44.8495,ADMITTED,Monitored,0.0,390.0,Monitored preferred bed assignment for Level-2 patient (elapsed wait: 0.0m; free Monitored: 3),44.8495,216.4499,171.6004
19,50.2144,1,50.2144,ADMITTED,General,0.0,180.0,General bed available; least-specialized compatible assignment for Level-1 (elapsed wait: 0.0m; free General: 21),50.2144,162.6723,112.4579
20,52.4769,2,52.4769,ADMITTED,Monitored,0.0,390.0,Monitored preferred bed assignment for Level-2 patient (elapsed wait: 0.0m; free Monitored: 2),52.4769,196.3015,143.8246
21,52.5268,2,52.5268,ADMITTED,Monitored,0.0,390.0,Monitored preferred bed assignment for Level-2 patient (elapsed wait: 0.0m; free Monitored: 1),52.5268,346.036,293.5091
22,53.9446,1,53.9446,ADMITTED,General,0.0,180.0,General bed available; least-specialized compatible assignment for Level-1 (elapsed wait: 0.0m; free General: 20),53.9446,165.407,111.4624
23,63.0031,1,63.0031,ADMITTED,General,0.0,180.0,General bed available; least-specialized compatible assignment for Level-1 (elapsed wait: 0.0m; free General: 19),63.0031,158.8201,95.817
24,64.125,3,64.125,ADMITTED,Critical,0.0,1640.0,Critical acuity priority allocation (elapsed wait: 0.0m; Critical free: 4/5),64.125,269.7735,205.6485
25,64.5308,1,64.5308,ADMITTED,General,0.0,180.0,General bed available; least-specialized compatible assignment for Level-1 (elapsed wait: 0.0m; free General: 18),64.5308,391.4735,326.9427
26,69.934,1,69.934,ADMITTED,General,0.0,180.0,General bed available; least-specialized compatible assignment for Level-1 (elapsed wait: 0.0m; free General: 18),69.934,169.2971,99.3631
27,70.7461,1,70.7461,ADMITTED,General,0.0,180.0,General bed available; least-specialized compatible assignment for Level-1 (elapsed wait: 0.0m; free General: 17),70.7461,255.2424,184.4963
28,74.6823,2,74.6823,WAITING,NONE,0.0,0.0,Compatible capacity currently occupied; placed in waiting queue,,,101.4609
29,78.1342,1,78.1342,ADMITTED,General,0.0,180.0,General bed available; least-specialized compatible assignment for Level-1 (elapsed wait: 0.0m; free General: 16),78.1342,149.5743,71.44
30,78.6049,1,78.6049,ADMITTED,General,0.0,180.0,General bed available; least-specialized compatible assignment for Level-1 (elapsed wait: 0.0m; free General: 15),78.6049,246.7983,168.1935
31,79.1672,2,79.1672,WAITING,NONE,0.0,0.0,Compatible capacity currently occupied; placed in waiting queue,,,213.4561
32,80.8148,3,80.8148,ADMITTED,Critical,0.0,1640.0,Critical acuity priority allocation (elapsed wait: 0.0m; Critical free: 3/5),80.8148,318.6563,237.8415
33,83.5548,1,83.5548,ADMITTED,General,0.0,180.0,General bed available; least-specialized compatible assignment for Level-1 (elapsed wait: 0.0m; free General: 14),83.5548,170.3799,86.8251
34,83.9193,1,83.9193,ADMITTED,General,0.0,180.0,General bed available; least-specialized compatible assignment for Level-1 (elapsed wait: 0.0m; free General: 13),83.9193,191.0798,107.1604
35,87.0548,1,87.0548,ADMITTED,General,0.0,180.0,General bed available; least-specialized compatible assignment for Level-1 (elapsed wait: 0.0m; free General: 13),87.0548,304.1711,217.1163
36,89.2737,1,89.2737,ADMITTED,General,0.0,180.0,General bed available; least-specialized compatible assignment for Level-1 (elapsed wait: 0.0m; free General: 12),89.2737,219.116,129.8422
37,93.0133,2,93.0133,WAITING,NONE,0.0,0.0,Compatible capacity currently occupied; placed in waiting queue,,,107.115
38,99.0706,1,99.0706,ADMITTED,General,0.0,180.0,General bed available; least-specialized compatible assignment for Level-1 (elapsed wait: 0.0m; free General: 11),99.0706,189.5658,90.4951
39,99.1834,3,99.1834,ADMITTED,Critical,0.0,1640.0,Critical acuity priority allocation (elapsed wait: 0.0m; Critical free: 2/5),99.1834,340.4736,241.2902
40,100.2626,1,100.2626,ADMITTED,General,0.0,180.0,General bed available; least-specialized compatible assignment for Level-1 (elapsed wait: 0.0m; free General: 10),100.2626,178.0274,77.7648
41,102.8886,1,102.8886,ADMITTED,General,0.0,180.0,General bed available; least-specialized compatible assignment for Level-1 (elapsed wait: 0.0m; free General: 9),102.8886,234.5642,131.6756
42,108.0288,1,108.0288,ADMITTED,General,0.0,180.0,General bed available; least-specialized compatible assignment for Level-1 (elapsed wait: 0.0m; free General: 8),108.0288,243.7992,135.7704
43,111.5477,3,111.5477,ADMITTED,Critical,0.0,1640.0,Critical acuity priority allocation (elapsed wait: 0.0m; Critical free: 1/5),111.5477,327.7947,216.247
44,112.7305,1,112.7305,ADMITTED,General,0.0,180.0,General bed available; least-specialized compatible assignment for Level-1 (elapsed wait: 0.0m; free General: 7),112.7305,240.8061,128.0756
45,117.0387,1,117.0387,ADMITTED,General,0.0,180.0,General bed available; least-specialized compatible assignment for Level-1 (elapsed wait: 0.0m; free General: 6),117.0387,229.3207,112.282
46,118.2286,1,118.2286,ADMITTED,General,0.0,180.0,General bed available; least-specialized compatible assignment for Level-1 (elapsed wait: 0.0m; free General: 5),118.2286,216.033,97.8044
47,123.0706,1,123.0706,ADMITTED,General,0.0,180.0,General bed available; least-specialized compatible assignment for Level-1 (elapsed wait: 0.0m; free General: 4),123.0706,299.788,176.7174
48,126.7292,1,126.7292,ADMITTED,General,0.0,180.0,General bed available; least-specialized compatible assignment for Level-1 (elapsed wait: 0.0m; free General: 3),126.7292,290.4128,163.6836
28,74.6823,2,134.1611,ADMITTED,Monitored,59.4788,402.88,Monitored preferred bed assignment for Level-2 patient (elapsed wait: 59.5m; free Monitored: 1),134.1611,235.6221,101.4609
49,135.3763,1,135.3763,ADMITTED,General,0.0,180.0,General bed available; least-specialized compatible assignment for Level-1 (elapsed wait: 0.0m; free General: 2),135.3763,283.3502,147.974
50,137.8895,1,137.8895,ADMITTED,General,0.0,180.0,General bed available; least-specialized compatible assignment for Level-1 (elapsed wait: 0.0m; free General: 1),137.8895,255.7885,117.899
51,138.6613,1,138.6613,WAITING,NONE,0.0,0.0,Compatible capacity currently occupied; placed in waiting queue,,,220.7116
51,138.6613,1,142.0166,ADMITTED,General,3.3553,180.13,General bed available; least-specialized compatible assignment for Level-1 (elapsed wait: 3.4m; free General: 1),142.0166,362.7282,220.7116
52,146.2404,2,146.2404,WAITING,NONE,0.0,0.0,Compatible capacity currently occupied; placed in waiting queue,,,103.7059
53,152.0974,1,152.0974,ADMITTED,General,0.0,180.0,General bed available; least-specialized compatible assignment for Level-1 (elapsed wait: 0.0m; free General: 2),152.0974,267.9567,115.8592
54,155.8032,2,155.8032,WAITING,NONE,0.0,0.0,Compatible capacity currently occupied; placed in waiting queue,,,146.5963
55,156.4713,1,156.4713,ADMITTED,General,0.0,180.0,General bed available; least-specialized compatible assignment for Level-1 (elapsed wait: 0.0m; free General: 1),156.4713,361.1536,204.6822
56,157.8184,1,157.8184,WAITING,NONE,0.0,0.0,Compatible capacity currently occupied; placed in waiting queue,,,79.9402
56,157.8184,1,158.8201,ADMITTED,General,1.0018,180.02,General bed available; least-specialized compatible assignment for Level-1 (elapsed wait: 1.0m; free General: 1),158.8201,238.7603,79.9402
57,160.9272,3,160.9272,WAITING,NONE,0.0,0.0,Compatible capacity currently occupied; placed in waiting queue,,,138.9364
58,163.5856,2,163.5856,WAITING,NONE,0.0,0.0,Compatible capacity currently occupied; placed in waiting queue,,,104.1525
59,164.0366,1,164.0366,ADMITTED,General,0.0,180.0,General bed available; least-specialized compatible assignment for Level-1 (elapsed wait: 0.0m; free General: 2),164.0366,289.1649,125.1284
60,164.129,1,164.129,ADMITTED,General,0.0,180.0,General bed available; least-specialized compatible assignment for Level-1 (elapsed wait: 0.0m; free General: 1),164.129,252.7016,88.5726
61,164.1995,1,164.1995,WAITING,NONE,0.0,0.0,Compatible capacity currently occupied; placed in waiting queue,,,149.98
61,164.1995,1,165.407,ADMITTED,General,1.2075,180.03,General bed available; least-specialized compatible assignment for Level-1 (elapsed wait: 1.2m; free General: 1),165.407,315.3871,149.98
62,166.4278,1,166.4278,WAITING,NONE,0.0,0.0,Compatible capacity currently occupied; placed in waiting queue,,,83.2153
63,168.8606,2,168.8606,WAITING,NONE,0.0,0.0,Compatible capacity currently occupied; placed in waiting queue,,,150.9583
64,169.0577,1,169.0577,WAITING,NONE,0.0,0.0,Compatible capacity currently occupied; placed in waiting queue,,,55.4433
62,166.4278,1,169.2971,ADMITTED,General,2.8693,180.1,General bed available; least-specialized compatible assignment for Level-1 (elapsed wait: 2.9m; free General: 1),169.2971,252.5124,83.2153
65,170.082,1,170.082,WAITING,NONE,0.0,0.0,Compatible capacity currently occupied; placed in waiting queue,,,182.4079
64,169.0577,1,170.3799,ADMITTED,General,1.3223,180.03,General bed available; least-specialized compatible assignment for Level-1 (elapsed wait: 1.3m; free General: 1),170.3799,225.8232,55.4433
66,170.416,1,170.416,WAITING,NONE,0.0,0.0,Compatible capacity currently occupied; placed in waiting queue,,,210.7123
67,170.7243,2,170.7243,WAITING,NONE,0.0,0.0,Compatible capacity currently occupied; placed in waiting queue,,,139.4471
68,170.8507,1,170.8507,WAITING,NONE,0.0,0.0,Compatible capacity currently occupied; placed in waiting queue,,,101.1453
69,171.248,3,171.248,WAITING,NONE,0.0,0.0,Compatible capacity currently occupied; placed in waiting queue,,,204.8752
70,173.6179,1,173.6179,WAITING,NONE,0.0,0.0,Compatible capacity currently occupied; placed in waiting queue,,,174.6754
31,79.1672,2,174.0857,ADMITTED,Monitored,94.9185,417.2,Monitored preferred bed assignment for Level-2 patient (elapsed wait: 94.9m; free Monitored: 1),174.0857,387.5418,213.4561
71,174.3295,1,174.3295,WAITING,NONE,0.0,0.0,Compatible capacity currently occupied; placed in waiting queue,,,172.2408
72,177.8358,2,177.8358,WAITING,NONE,0.0,0.0,Compatible capacity currently occupied; placed in waiting queue,,,174.3518
65,170.082,1,178.0274,ADMITTED,General,7.9454,180.51,General bed available; least-specialized compatible assignment for Level-1 (elapsed wait: 7.9m; free General: 1),178.0274,360.4353,182.4079
73,181.3781,3,181.3781,WAITING,NONE,0.0,0.0,Compatible capacity currently occupied; placed in waiting queue,,,539.2873
66,170.416,1,184.7568,ADMITTED,General,14.3408,181.32,General bed available; least-specialized compatible assignment for Level-1 (elapsed wait: 14.3m; free General: 1),184.7568,395.4692,210.7123
37,93.0133,2,187.6842,ADMITTED,Monitored,94.6709,417.09,Monitored preferred bed assignment for Level-2 patient (elapsed wait: 94.7m; free Monitored: 1),187.6842,294.7992,107.115
74,188.8453,1,188.8453,WAITING,NONE,0.0,0.0,Compatible capacity currently occupied; placed in waiting queue,,,106.5541
68,170.8507,1,189.5658,ADMITTED,General,18.7151,182.02,General bed available; least-specialized compatible assignment for Level-1 (elapsed wait: 18.7m; free General: 1),189.5658,290.7111,101.1453
75,190.4671,1,190.4671,WAITING,NONE,0.0,0.0,Compatible capacity currently occupied; placed in waiting queue,,,146.2553
70,173.6179,1,191.0798,ADMITTED,General,17.4618,181.81,General bed available; least-specialized compatible assignment for Level-1 (elapsed wait: 17.5m; free General: 1),191.0798,365.7552,174.6754
76,192.2243,2,192.2243,WAITING,NONE,0.0,0.0,Compatible capacity currently occupied; placed in waiting queue,,,297.7754
77,192.399,1,192.399,WAITING,NONE,0.0,0.0,Compatible capacity currently occupied; placed in waiting queue,,,97.2874
71,174.3295,1,193.431,ADMITTED,General,19.1014,182.09,General bed available; least-specialized compatible assignment for Level-1 (elapsed wait: 19.1m; free General: 1),193.431,365.6718,172.2408
52,146.2404,2,196.3015,ADMITTED,Monitored,50.0611,399.77,Monitored preferred bed assignment for Level-2 patient (elapsed wait: 50.1m; free Monitored: 1),196.3015,300.0074,103.7059
78,198.8292,1,198.8292,WAITING,NONE,0.0,0.0,Compatible capacity currently occupied; placed in waiting queue,,,86.8968
74,188.8453,1,199.8378,ADMITTED,General,10.9925,180.86,General bed available; least-specialized compatible assignment for Level-1 (elapsed wait: 11.0m; free General: 1),199.8378,306.3918,106.5541
79,200.1109,1,200.1109,WAITING,NONE,0.0,0.0,Compatible capacity currently occupied; placed in waiting queue,,,113.5681
80,201.6168,1,201.6168,WAITING,NONE,0.0,0.0,Compatible capacity currently occupied; placed in waiting queue,,,174.375
81,206.3917,1,206.3917,WAITING,NONE,0.0,0.0,Compatible capacity currently occupied; placed in waiting queue,,,173.5281
82,206.7585,2,206.7585,WAITING,NONE,0.0,0.0,Compatible capacity currently occupied; placed in waiting queue,,,128.1854
83,207.1568,2,207.1568,WAITING,NONE,0.0,0.0,Compatible capacity currently occupied; placed in waiting queue,,,316.4003
84,207.5975,1,207.5975,WAITING,NONE,0.0,0.0,Compatible capacity currently occupied; placed in waiting queue,,,65.0917
85,208.6767,1,208.6767,WAITING,NONE,0.0,0.0,Compatible capacity currently occupied; placed in waiting queue,,,63.8148
86,211.0229,3,211.0229,WAITING,NONE,0.0,0.0,Compatible capacity currently occupied; placed in waiting queue,,,257.9936
54,155.8032,2,214.2051,ADMITTED,Monitored,58.402,402.51,Monitored preferred bed assignment for Level-2 patient (elapsed wait: 58.4m; free Monitored: 1),214.2051,360.8014,146.5963
75,190.4671,1,216.033,ADMITTED,General,25.566,183.34,General bed available; least-specialized compatible assignment for Level-1 (elapsed wait: 25.6m; free General: 1),216.033,362.2884,146.2553
58,163.5856,2,216.4499,ADMITTED,Monitored,52.8643,400.66,Monitored preferred bed assignment for Level-2 patient (elapsed wait: 52.9m; free Monitored: 1),216.4499,320.6024,104.1525
87,217.6795,1,217.6795,WAITING,NONE,0.0,0.0,Compatible capacity currently occupied; placed in waiting queue,,,132.2268
77,192.399,1,219.116,ADMITTED,General,26.717,183.58,General bed available; least-specialized compatible assignment for Level-1 (elapsed wait: 26.7m; free General: 1),219.116,316.4034,97.2874
63,168.8606,2,224.5241,ADMITTED,Monitored,55.6636,401.58,Monitored preferred bed assignment for Level-2 patient (elapsed wait: 55.7m; free Monitored: 1),224.5241,375.4824,150.9583
88,224.9132,1,224.9132,WAITING,NONE,0.0,0.0,Compatible capacity currently occupied; placed in waiting queue,,,129.0731
78,198.8292,1,225.8232,ADMITTED,General,26.994,183.64,General bed available; least-specialized compatible assignment for Level-1 (elapsed wait: 27.0m; free General: 1),225.8232,312.7201,86.8968
89,225.9546,1,225.9546,WAITING,NONE,0.0,0.0,Compatible capacity currently occupied; placed in waiting queue,,,123.5435
90,228.9174,1,228.9174,WAITING,NONE,0.0,0.0,Compatible capacity currently occupied; placed in waiting queue,,,134.7977
79,200.1109,1,229.3207,ADMITTED,General,29.2099,184.13,General bed available; least-specialized compatible assignment for Level-1 (elapsed wait: 29.2m; free General: 1),229.3207,342.8888,113.5681
91,234.1979,1,234.1979,WAITING,NONE,0.0,0.0,Compatible capacity currently occupied; placed in waiting queue,,,228.5004
92,234.2808,1,234.2808,WAITING,NONE,0.0,0.0,Compatible capacity currently occupied; placed in waiting queue,,,113.7446
80,201.6168,1,234.5642,ADMITTED,General,32.9474,185.0,General bed available; least-specialized compatible assignment for Level-1 (elapsed wait: 32.9m; free General: 1),234.5642,408.9392,174.375
67,170.7243,2,234.688,ADMITTED,Monitored,63.9637,404.47,Monitored preferred bed assignment for Level-2 patient (elapsed wait: 64.0m; free Monitored: 1),234.688,374.1351,139.4471
72,177.8358,2,235.6221,ADMITTED,Monitored,57.7863,402.3,Monitored preferred bed assignment for Level-2 patient (elapsed wait: 57.8m; free Monitored: 1),235.6221,409.9739,174.3518
93,237.1203,2,237.1203,WAITING,NONE,0.0,0.0,Compatible capacity currently occupied; placed in waiting queue,,,127.9435
94,238.3564,1,238.3564,WAITING,NONE,0.0,0.0,Compatible capacity currently occupied; placed in waiting queue,,,144.748
81,206.3917,1,238.7603,ADMITTED,General,32.3687,184.86,General bed available; least-specialized compatible assignment for Level-1 (elapsed wait: 32.4m; free General: 1),238.7603,412.2884,173.5281
95,240.438,1,240.438,WAITING,NONE,0.0,0.0,Compatible capacity currently occupied; placed in waiting queue,,,56.972
84,207.5975,1,240.8061,ADMITTED,General,33.2086,185.07,General bed available; least-specialized compatible assignment for Level-1 (elapsed wait: 33.2m; free General: 1),240.8061,305.8979,65.0917
85,208.6767,1,243.7992,ADMITTED,General,35.1225,185.54,General bed available; least-specialized compatible assignment for Level-1 (elapsed wait: 35.1m; free General: 1),243.7992,307.6141,63.8148
96,244.1384,3,244.1384,WAITING,NONE,0.0,0.0,Compatible capacity currently occupied; placed in waiting queue,,,154.1866
97,244.516,2,244.516,WAITING,NONE,0.0,0.0,Compatible capacity currently occupied; placed in waiting queue,,,99.2108
57,160.9272,3,245.4264,ADMITTED,Critical,84.4992,1719.05,Critical acuity priority allocation (elapsed wait: 84.5m; Critical free: 1/5),245.4264,384.3629,138.9364
87,217.6795,1,246.7983,ADMITTED,General,29.1189,184.11,General bed available; least-specialized compatible assignment for Level-1 (elapsed wait: 29.1m; free General: 1),246.7983,379.0252,132.2268
98,249.8092,1,249.8092,WAITING,NONE,0.0,0.0,Compatible capacity currently occupied; placed in waiting queue,,,91.4721
99,251.5035,1,251.5035,WAITING,NONE,0.0,0.0,Compatible capacity currently occupied; placed in waiting queue,,,191.4778
100,252.103,1,252.103,WAITING,NONE,0.0,0.0,Compatible capacity currently occupied; placed in waiting queue,,,95.3464
88,224.9132,1,252.5124,ADMITTED,General,27.5992,183.77,General bed available; least-specialized compatible assignment for Level-1 (elapsed wait: 27.6m; free General: 1),252.5124,381.5855,129.0731
89,225.9546,1,252.7016,ADMITTED,General,26.747,183.58,General bed available; least-specialized compatible assignment for Level-1 (elapsed wait: 26.7m; free General: 1),252.7016,376.2451,123.5435
90,228.9174,1,255.2424,ADMITTED,General,26.3249,183.49,General bed available; least-specialized compatible assignment for Level-1 (elapsed wait: 26.3m; free General: 1),255.2424,390.04,134.7977
91,234.1979,1,255.7885,ADMITTED,General,21.5906,182.54,General bed available; least-specialized compatible assignment for Level-1 (elapsed wait: 21.6m; free General: 1),255.7885,484.2889,228.5004
101,263.0361,2,263.0361,WAITING,NONE,0.0,0.0,Compatible capacity currently occupied; placed in waiting queue,,,86.8825
102,263.3099,1,263.3099,WAITING,NONE,0.0,0.0,Compatible capacity currently occupied; placed in waiting queue,,,151.3221
103,266.2946,1,266.2946,WAITING,NONE,0.0,0.0,Compatible capacity currently occupied; placed in waiting queue,,,161.1618
92,234.2808,1,267.9567,ADMITTED,General,33.6758,185.18,General bed available; least-specialized compatible assignment for Level-1 (elapsed wait: 33.7m; free General: 1),267.9567,381.7013,113.7446
69,171.248,3,269.7735,ADMITTED,Critical,98.5254,1741.06,Critical acuity priority allocation (elapsed wait: 98.5m; Critical free: 1/5),269.7735,474.6487,204.8752
104,271.1462,2,271.1462,WAITING,NONE,0.0,0.0,Compatible capacity currently occupied; placed in waiting queue,,,132.3887
105,274.1973,1,274.1973,WAITING,NONE,0.0,0.0,Compatible capacity currently occupied; placed in waiting queue,,,91.6154
76,192.2243,2,281.6765,ADMITTED,Monitored,89.4522,414.74,Monitored preferred bed assignment for Level-2 patient (elapsed wait: 89.5m; free Monitored: 1),281.6765,579.4519,297.7754
106,281.9666,1,281.9666,WAITING,NONE,0.0,0.0,Compatible capacity currently occupied; placed in waiting queue,,,77.9481
107,282.2184,1,282.2184,WAITING,NONE,0.0,0.0,Compatible capacity currently occupied; placed in waiting queue,,,78.4106
94,238.3564,1,283.3502,ADMITTED,General,44.9938,188.24,General bed available; least-specialized compatible assignment for Level-1 (elapsed wait: 45.0m; free General: 1),283.3502,428.0983,144.748
108,283.7779,1,283.7779,WAITING,NONE,0.0,0.0,Compatible capacity currently occupied; placed in waiting queue,,,105.0909
109,284.2549,1,284.2549,WAITING,NONE,0.0,0.0,Compatible capacity currently occupied; placed in waiting queue,,,140.3492
110,284.4637,2,284.4637,WAITING,NONE,0.0,0.0,Compatible capacity currently occupied; placed in waiting queue,,,126.7319
111,284.694,1,284.694,WAITING,NONE,0.0,0.0,Compatible capacity currently occupied; placed in waiting queue,,,146.5858
112,284.7664,2,284.7664,WAITING,NONE,0.0,0.0,Compatible capacity currently occupied; placed in waiting queue,,,293.4995
113,286.3379,2,286.3379,WAITING,NONE,0.0,0.0,Compatible capacity currently occupied; placed in waiting queue,,,188.6174
95,240.438,1,289.1649,ADMITTED,General,48.7269,189.36,General bed available; least-specialized compatible assignment for Level-1 (elapsed wait: 48.7m; free General: 1),289.1649,346.1369,56.972
98,249.8092,1,290.4128,ADMITTED,General,40.6036,186.99,General bed available; least-specialized compatible assignment for Level-1 (elapsed wait: 40.6m; free General: 1),290.4128,381.8849,91.4721
99,251.5035,1,290.7111,ADMITTED,General,39.2076,186.61,General bed available; least-specialized compatible assignment for Level-1 (elapsed wait: 39.2m; free General: 1),290.7111,482.1889,191.4778
114,293.117,1,293.117,WAITING,NONE,0.0,0.0,Compatible capacity currently occupied; placed in waiting queue,,,156.9031
115,294.4072,1,294.4072,WAITING,NONE,0.0,0.0,Compatible capacity currently occupied; placed in waiting queue,,,145.6709
82,206.7585,2,294.7992,ADMITTED,Monitored,88.0407,414.12,Monitored preferred bed assignment for Level-2 patient (elapsed wait: 88.0m; free Monitored: 1),294.7992,422.9846,128.1854
116,296.2667,3,296.2667,WAITING,NONE,0.0,0.0,Compatible capacity currently occupied; placed in waiting queue,,,258.5782
117,297.5201,1,297.5201,WAITING,NONE,0.0,0.0,Compatible capacity currently occupied; placed in waiting queue,,,169.5302
118,299.5739,2,299.5739,WAITING,NONE,0.0,0.0,Compatible capacity currently occupied; placed in waiting queue,,,173.402
100,252.103,1,299.788,ADMITTED,General,47.685,189.04,General bed available; least-specialized compatible assignment for Level-1 (elapsed wait: 47.7m; free General: 1),299.788,395.1344,95.3464
83,207.1568,2,300.0074,ADMITTED,Monitored,92.8507,416.26,Monitored preferred bed assignment for Level-2 patient (elapsed wait: 92.9m; free Monitored: 1),300.0074,616.4077,316.4003
119,302.7271,1,302.7271,WAITING,NONE,0.0,0.0,Compatible capacity currently occupied; placed in waiting queue,,,40.6329
102,263.3099,1,303.7397,ADMITTED,General,40.4298,186.94,General bed available; least-specialized compatible assignment for Level-1 (elapsed wait: 40.4m; free General: 1),303.7397,455.0617,151.3221
103,266.2946,1,304.1711,ADMITTED,General,37.8764,186.26,General bed available; least-specialized compatible assignment for Level-1 (elapsed wait: 37.9m; free General: 1),304.1711,465.3329,161.1618
105,274.1973,1,305.8979,ADMITTED,General,31.7005,184.7,General bed available; least-specialized compatible assignment for Level-1 (elapsed wait: 31.7m; free General: 1),305.8979,397.5133,91.6154
120,305.9017,1,305.9017,WAITING,NONE,0.0,0.0,Compatible capacity currently occupied; placed in waiting queue,,,91.1474
106,281.9666,1,306.3918,ADMITTED,General,24.4252,183.1,General bed available; least-specialized compatible assignment for Level-1 (elapsed wait: 24.4m; free General: 1),306.3918,384.3399,77.9481
121,307.0818,2,307.0818,WAITING,NONE,0.0,0.0,Compatible capacity currently occupied; placed in waiting queue,,,90.5155
107,282.2184,1,307.6141,ADMITTED,General,25.3957,183.3,General bed available; least-specialized compatible assignment for Level-1 (elapsed wait: 25.4m; free General: 1),307.6141,386.0247,78.4106
122,310.643,1,310.643,WAITING,NONE,0.0,0.0,Compatible capacity currently occupied; placed in waiting queue,,,93.0025
123,310.9065,1,310.9065,WAITING,NONE,0.0,0.0,Compatible capacity currently occupied; placed in waiting queue,,,167.0619
124,311.0992,2,311.0992,WAITING,NONE,0.0,0.0,Compatible capacity currently occupied; placed in waiting queue,,,209.7125
108,283.7779,1,312.7201,ADMITTED,General,28.9422,184.07,General bed available; least-specialized compatible assignment for Level-1 (elapsed wait: 28.9m; free General: 1),312.7201,417.811,105.0909
125,313.393,1,313.393,WAITING,NONE,0.0,0.0,Compatible capacity currently occupied; placed in waiting queue,,,142.6297
126,314.3973,1,314.3973,WAITING,NONE,0.0,0.0,Compatible capacity currently occupied; placed in waiting queue,,,154.9519
109,284.2549,1,315.3871,ADMITTED,General,31.1322,184.57,General bed available; least-specialized compatible assignment for Level-1 (elapsed wait: 31.1m; free General: 1),315.3871,455.7363,140.3492
127,316.0922,1,316.0922,WAITING,NONE,0.0,0.0,Compatible capacity currently occupied; placed in waiting queue,,,90.0326
111,284.694,1,316.4034,ADMITTED,General,31.7094,184.71,General bed available; least-specialized compatible assignment for Level-1 (elapsed wait: 31.7m; free General: 1),316.4034,462.9892,146.5858
128,317.5047,1,317.5047,WAITING,NONE,0.0,0.0,Compatible capacity currently occupied; placed in waiting queue,,,145.3197
73,181.3781,3,318.6563,ADMITTED,Critical,137.2782,1811.82,Critical acuity priority allocation (elapsed wait: 137.3m; Critical free: 1/5),318.6563,857.9436,539.2873
129,318.8176,3,318.8176,WAITING,NONE,0.0,0.0,Compatible capacity currently occupied; placed in waiting queue,,,316.8961
93,237.1203,2,320.6024,ADMITTED,Monitored,83.4821,412.15,Monitored preferred bed assignment for Level-2 patient (elapsed wait: 83.5m; free Monitored: 1),320.6024,448.5459,127.9435
130,323.2657,2,323.2657,WAITING,NONE,0.0,0.0,Compatible capacity currently occupied; placed in waiting queue,,,163.9777
131,326.8458,3,326.8458,WAITING,NONE,0.0,0.0,Compatible capacity currently occupied; placed in waiting queue,,,231.6714
86,211.0229,3,327.7947,ADMITTED,Critical,116.7718,1772.63,Critical acuity priority allocation (elapsed wait: 116.8m; Critical free: 1/5),327.7947,585.7883,257.9936
132,331.0216,1,331.0216,WAITING,NONE,0.0,0.0,Compatible capacity currently occupied; placed in waiting queue,,,63.0865
133,331.6923,1,331.6923,WAITING,NONE,0.0,0.0,Compatible capacity currently occupied; placed in waiting queue,,,129.6464
134,335.2969,2,335.2969,WAITING,NONE,0.0,0.0,Compatible capacity currently occupied; placed in waiting queue,,,173.9554
135,335.9881,1,335.9881,WAITING,NONE,0.0,0.0,Compatible capacity currently occupied; placed in waiting queue,,,129.0285
136,340.1593,1,340.1593,WAITING,NONE,0.0,0.0,Compatible capacity currently occupied; placed in waiting queue,,,130.1169
96,244.1384,3,340.4736,ADMITTED,Critical,96.3352,1737.49,Critical acuity priority allocation (elapsed wait: 96.3m; Critical free: 1/5),340.4736,494.6602,154.1866
137,341.9268,2,341.9268,WAITING,NONE,0.0,0.0,Compatible capacity currently occupied; placed in waiting queue,,,314.1562
114,293.117,1,342.8888,ADMITTED,General,49.7718,189.68,General bed available; least-specialized compatible assignment for Level-1 (elapsed wait: 49.8m; free General: 1),342.8888,499.7919,156.9031
138,346.0218,1,346.0218,WAITING,NONE,0.0,0.0,Compatible capacity currently occupied; placed in waiting queue,,,183.8616
97,244.516,2,346.036,ADMITTED,Monitored,101.52,420.29,Monitored preferred bed assignment for Level-2 patient (elapsed wait: 101.5m; free Monitored: 1),346.036,445.2467,99.2108
115,294.4072,1,346.1369,ADMITTED,General,51.7297,190.3,General bed available; least-specialized compatible assignment for Level-1 (elapsed wait: 51.7m; free General: 1),346.1369,491.8078,145.6709
139,348.869,1,348.869,WAITING,NONE,0.0,0.0,Compatible capacity currently occupied; placed in waiting queue,,,170.2437
140,349.4683,2,349.4683,WAITING,NONE,0.0,0.0,Compatible capacity currently occupied; placed in waiting queue,,,157.3146
141,349.8666,1,349.8666,WAITING,NONE,0.0,0.0,Compatible capacity currently occupied; placed in waiting queue,,,179.6401
117,297.5201,1,360.4353,ADMITTED,General,62.9152,194.09,General bed available; least-specialized compatible assignment for Level-1 (elapsed wait: 62.9m; free General: 1),360.4353,529.9655,169.5302
101,263.0361,2,360.8014,ADMITTED,Monitored,97.7653,418.52,Monitored preferred bed assignment for Level-2 patient (elapsed wait: 97.8m; free Monitored: 1),360.8014,447.684,86.8825
119,302.7271,1,361.1536,ADMITTED,General,58.4265,192.51,General bed available; least-specialized compatible assignment for Level-1 (elapsed wait: 58.4m; free General: 1),361.1536,401.7864,40.6329
120,305.9017,1,362.2884,ADMITTED,General,56.3867,191.82,General bed available; least-specialized compatible assignment for Level-1 (elapsed wait: 56.4m; free General: 1),362.2884,453.4357,91.1474
122,310.643,1,362.7282,ADMITTED,General,52.0852,190.41,General bed available; least-specialized compatible assignment for Level-1 (elapsed wait: 52.1m; free General: 1),362.7282,455.7307,93.0025
142,364.3508,2,364.3508,WAITING,NONE,0.0,0.0,Compatible capacity currently occupied; placed in waiting queue,,,160.6546
123,310.9065,1,365.6718,ADMITTED,General,54.7653,191.28,General bed available; least-specialized compatible assignment for Level-1 (elapsed wait: 54.8m; free General: 1),365.6718,532.7337,167.0619
125,313.393,1,365.7552,ADMITTED,General,52.3622,190.5,General bed available; least-specialized compatible assignment for Level-1 (elapsed wait: 52.4m; free General: 1),365.7552,508.3849,142.6297
143,370.7606,1,370.7606,WAITING,NONE,0.0,0.0,Compatible capacity currently occupied; placed in waiting queue,,,218.4483
104,271.1462,2,374.1351,ADMITTED,Monitored,102.989,421.0,Monitored preferred bed assignment for Level-2 patient (elapsed wait: 103.0m; free Monitored: 1),374.1351,506.5239,132.3887
144,374.715,1,374.715,WAITING,NONE,0.0,0.0,Compatible capacity currently occupied; placed in waiting queue,,,119.6989
110,284.4637,2,375.4824,ADMITTED,Monitored,91.0187,415.44,Monitored preferred bed assignment for Level-2 patient (elapsed wait: 91.0m; free Monitored: 1),375.4824,502.2143,126.7319
145,375.6947,1,375.6947,WAITING,NONE,0.0,0.0,Compatible capacity currently occupied; placed in waiting queue,,,304.6639
126,314.3973,1,376.2451,ADMITTED,General,61.8478,193.71,General bed available; least-specialized compatible assignment for Level-1 (elapsed wait: 61.8m; free General: 1),376.2451,531.197,154.9519
127,316.0922,1,379.0252,ADMITTED,General,62.933,194.09,General bed available; least-specialized compatible assignment for Level-1 (elapsed wait: 62.9m; free General: 1),379.0252,469.0578,90.0326
146,381.3045,1,381.3045,WAITING,NONE,0.0,0.0,Compatible capacity currently occupied; placed in waiting queue,,,113.407
128,317.5047,1,381.5855,ADMITTED,General,64.0808,194.51,General bed available; least-specialized compatible assignment for Level-1 (elapsed wait: 64.1m; free General: 1),381.5855,526.9052,145.3197
147,381.6336,1,381.6336,WAITING,NONE,0.0,0.0,Compatible capacity currently occupied; placed in waiting queue,,,178.4491
132,331.0216,1,381.7013,ADMITTED,General,50.6797,189.97,General bed available; least-specialized compatible assignment for Level-1 (elapsed wait: 50.7m; free General: 1),381.7013,444.7878,63.0865
133,331.6923,1,381.8849,ADMITTED,General,50.1926,189.81,General bed available; least-specialized compatible assignment for Level-1 (elapsed wait: 50.2m; free General: 1),381.8849,511.5313,129.6464
148,383.7159,2,383.7159,WAITING,NONE,0.0,0.0,Compatible capacity currently occupied; placed in waiting queue,,,193.5028
135,335.9881,1,384.3399,ADMITTED,General,48.3518,189.24,General bed available; least-specialized compatible assignment for Level-1 (elapsed wait: 48.4m; free General: 1),384.3399,513.3683,129.0285
116,296.2667,3,384.3629,ADMITTED,Critical,88.0962,1724.5,Critical acuity priority allocation (elapsed wait: 88.1m; Critical free: 1/5),384.3629,642.9411,258.5782
136,340.1593,1,386.0247,ADMITTED,General,45.8654,188.5,General bed available; least-specialized compatible assignment for Level-1 (elapsed wait: 45.9m; free General: 1),386.0247,516.1416,130.1169
149,386.8239,1,386.8239,WAITING,NONE,0.0,0.0,Compatible capacity currently occupied; placed in waiting queue,,,135.1257
112,284.7664,2,387.5418,ADMITTED,Monitored,102.7753,420.89,Monitored preferred bed assignment for Level-2 patient (elapsed wait: 102.8m; free Monitored: 1),387.5418,681.0412,293.4995
150,389.2296,3,389.2296,WAITING,NONE,0.0,0.0,Compatible capacity currently occupied; placed in waiting queue,,,290.5239
138,346.0218,1,390.04,ADMITTED,General,44.0182,187.96,General bed available; least-specialized compatible assignment for Level-1 (elapsed wait: 44.0m; free General: 1),390.04,573.9016,183.8616
151,390.2629,1,390.2629,WAITING,NONE,0.0,0.0,Compatible capacity currently occupied; placed in waiting queue,,,130.3929
139,348.869,1,391.4735,ADMITTED,General,42.6045,187.55,General bed available; least-specialized compatible assignment for Level-1 (elapsed wait: 42.6m; free General: 1),391.4735,561.7172,170.2437
141,349.8666,1,395.1344,ADMITTED,General,45.2679,188.32,General bed available; least-specialized compatible assignment for Level-1 (elapsed wait: 45.3m; free General: 1),395.1344,574.7746,179.6401
152,395.1889,1,395.1889,WAITING,NONE,0.0,0.0,Compatible capacity currently occupied; placed in waiting queue,,,109.8631
143,370.7606,1,395.4692,ADMITTED,General,24.7085,183.16,General bed available; least-specialized compatible assignment for Level-1 (elapsed wait: 24.7m; free General: 1),395.4692,613.9174,218.4483
153,397.299,1,397.299,WAITING,NONE,0.0,0.0,Compatible capacity currently occupied; placed in waiting queue,,,111.6458
144,374.715,1,397.5133,ADMITTED,General,22.7983,182.78,General bed available; least-specialized compatible assignment for Level-1 (elapsed wait: 22.8m; free General: 1),397.5133,517.2122,119.6989
154,397.5679,1,397.5679,WAITING,NONE,0.0,0.0,Compatible capacity currently occupied; placed in waiting queue,,,124.2757
155,399.6364,2,399.6364,WAITING,NONE,0.0,0.0,Compatible capacity currently occupied; placed in waiting queue,,,154.0124
156,399.801,3,399.801,WAITING,NONE,0.0,0.0,Compatible capacity currently occupied; placed in waiting queue,,,205.2007
157,399.9947,1,399.9947,WAITING,NONE,0.0,0.0,Compatible capacity currently occupied; placed in waiting queue,,,194.2817
145,375.6947,1,401.7864,ADMITTED,General,26.0917,183.45,General bed available; least-specialized compatible assignment for Level-1 (elapsed wait: 26.1m; free General: 1),401.7864,706.4503,304.6639
158,402.9582,1,402.9582,WAITING,NONE,0.0,0.0,Compatible capacity currently occupied; placed in waiting queue,,,82.5129
146,381.3045,1,408.9392,ADMITTED,General,27.6347,183.78,General bed available; least-specialized compatible assignment for Level-1 (elapsed wait: 27.6m; free General: 1),408.9392,522.3462,113.407
159,408.9407,1,408.9407,WAITING,NONE,0.0,0.0,Compatible capacity currently occupied; placed in waiting queue,,,113.6938
113,286.3379,2,409.9739,ADMITTED,Monitored,123.636,431.52,Monitored preferred bed assignment for Level-2 patient (elapsed wait: 123.6m; free Monitored: 1),409.9739,598.5913,188.6174
160,410.1173,1,410.1173,WAITING,NONE,0.0,0.0,Compatible capacity currently occupied; placed in waiting queue,,,101.0439
147,381.6336,1,412.2884,ADMITTED,General,30.6548,184.46,General bed available; least-specialized compatible assignment for Level-1 (elapsed wait: 30.7m; free General: 1),412.2884,590.7375,178.4491
161,414.4236,1,414.4236,WAITING,NONE,0.0,0.0,Compatible capacity currently occupied; placed in waiting queue,,,79.7908
162,414.4893,1,414.4893,WAITING,NONE,0.0,0.0,Compatible capacity currently occupied; placed in waiting queue,,,62.3749
163,416.5939,1,416.5939,WAITING,NONE,0.0,0.0,Compatible capacity currently occupied; placed in waiting queue,,,102.6649
149,386.8239,1,417.811,ADMITTED,General,30.9871,184.54,General bed available; least-specialized compatible assignment for Level-1 (elapsed wait: 31.0m; free General: 1),417.811,552.9367,135.1257
164,418.1568,1,418.1568,WAITING,NONE,0.0,0.0,Compatible capacity currently occupied; placed in waiting queue,,,89.5694
165,421.1389,2,421.1389,WAITING,NONE,0.0,0.0,Compatible capacity currently occupied; placed in waiting queue,,,174.684
166,421.392,3,421.392,WAITING,NONE,0.0,0.0,Compatible capacity currently occupied; placed in waiting queue,,,207.8993
118,299.5739,2,422.9846,ADMITTED,Monitored,123.4107,431.4,Monitored preferred bed assignment for Level-2 patient (elapsed wait: 123.4m; free Monitored: 1),422.9846,596.3866,173.402
167,423.0223,1,423.0223,WAITING,NONE,0.0,0.0,Compatible capacity currently occupied; placed in waiting queue,,,186.4481
168,423.4893,1,423.4893,WAITING,NONE,0.0,0.0,Compatible capacity currently occupied; placed in waiting queue,,,104.4551
169,423.8713,2,423.8713,WAITING,NONE,0.0,0.0,Compatible capacity currently occupied; placed in waiting queue,,,180.7001
170,425.068,2,425.068,WAITING,NONE,0.0,0.0,Compatible capacity currently occupied; placed in waiting queue,,,108.3727
171,426.8507,1,426.8507,WAITING,NONE,0.0,0.0,Compatible capacity currently occupied; placed in waiting queue,,,79.7234
172,427.608,1,427.608,WAITING,NONE,0.0,0.0,Compatible capacity currently occupied; placed in waiting queue,,,153.8931
151,390.2629,1,428.0983,ADMITTED,General,37.8354,186.24,General bed available; least-specialized compatible assignment for Level-1 (elapsed wait: 37.8m; free General: 1),428.0983,558.4912,130.3929
173,430.5929,1,430.5929,WAITING,NONE,0.0,0.0,Compatible capacity currently occupied; placed in waiting queue,,,189.4126
174,431.4348,1,431.4348,WAITING,NONE,0.0,0.0,Compatible capacity currently occupied; placed in waiting queue,,,166.2039
175,431.9412,2,431.9412,WAITING,NONE,0.0,0.0,Compatible capacity currently occupied; placed in waiting queue,,,310.9246
176,436.2218,1,436.2218,WAITING,NONE,0.0,0.0,Compatible capacity currently occupied; placed in waiting queue,,,240.9679
177,436.6652,1,436.6652,WAITING,NONE,0.0,0.0,Compatible capacity currently occupied; placed in waiting queue,,,197.8264
178,444.578,1,444.578,WAITING,NONE,0.0,0.0,Compatible capacity currently occupied; placed in waiting queue,,,104.4816
152,395.1889,1,444.7878,ADMITTED,General,49.5989,189.63,General bed available; least-specialized compatible assignment for Level-1 (elapsed wait: 49.6m; free General: 1),444.7878,554.6509,109.8631
121,307.0818,2,445.2467,ADMITTED,Monitored,138.1649,439.6,Monitored preferred bed assignment for Level-2 patient (elapsed wait: 138.2m; free Monitored: 1),445.2467,535.7622,90.5155
124,311.0992,2,447.684,ADMITTED,Monitored,136.5848,438.7,Monitored preferred bed assignment for Level-2 patient (elapsed wait: 136.6m; free Monitored: 1),447.684,657.3965,209.7125
130,323.2657,2,448.5459,ADMITTED,Monitored,125.2802,432.41,Monitored preferred bed assignment for Level-2 patient (elapsed wait: 125.3m; free Monitored: 1),448.5459,612.5237,163.9777
179,452.1378,2,452.1378,WAITING,NONE,0.0,0.0,Compatible capacity currently occupied; placed in waiting queue,,,219.6373
180,452.4622,1,452.4622,WAITING,NONE,0.0,0.0,Compatible capacity currently occupied; placed in waiting queue,,,173.9749
181,452.6104,1,452.6104,WAITING,NONE,0.0,0.0,Compatible capacity currently occupied; placed in waiting queue,,,57.4189
182,453.0498,3,453.0498,WAITING,NONE,0.0,0.0,Compatible capacity currently occupied; placed in waiting queue,,,470.1909
183,453.2542,1,453.2542,WAITING,NONE,0.0,0.0,Compatible capacity currently occupied; placed in waiting queue,,,152.9314
153,397.299,1,453.4357,ADMITTED,General,56.1367,191.74,General bed available; least-specialized compatible assignment for Level-1 (elapsed wait: 56.1m; free General: 1),453.4357,565.0815,111.6458
154,397.5679,1,455.0617,ADMITTED,General,57.4938,192.2,General bed available; least-specialized compatible assignment for Level-1 (elapsed wait: 57.5m; free General: 1),455.0617,579.3374,124.2757
184,455.5486,3,455.5486,WAITING,NONE,0.0,0.0,Compatible capacity currently occupied; placed in waiting queue,,,374.4843
157,399.9947,1,455.7307,ADMITTED,General,55.7359,191.61,General bed available; least-specialized compatible assignment for Level-1 (elapsed wait: 55.7m; free General: 1),455.7307,650.0124,194.2817
158,402.9582,1,455.7363,ADMITTED,General,52.7781,190.64,General bed available; least-specialized compatible assignment for Level-1 (elapsed wait: 52.8m; free General: 1),455.7363,538.2492,82.5129
185,456.9027,3,456.9027,WAITING,NONE,0.0,0.0,Compatible capacity currently occupied; placed in waiting queue,,,222.9463
186,461.3145,2,461.3145,WAITING,NONE,0.0,0.0,Compatible capacity currently occupied; placed in waiting queue,,,203.5848
159,408.9407,1,462.9892,ADMITTED,General,54.0485,191.05,General bed available; least-specialized compatible assignment for Level-1 (elapsed wait: 54.0m; free General: 1),462.9892,576.683,113.6938
187,463.1072,1,463.1072,WAITING,NONE,0.0,0.0,Compatible capacity currently occupied; placed in waiting queue,,,135.3569
160,410.1173,1,465.3329,ADMITTED,General,55.2156,191.43,General bed available; least-specialized compatible assignment for Level-1 (elapsed wait: 55.2m; free General: 1),465.3329,566.3767,101.0439
188,466.082,1,466.082,WAITING,NONE,0.0,0.0,Compatible capacity currently occupied; placed in waiting queue,,,94.5928
189,466.2788,2,466.2788,WAITING,NONE,0.0,0.0,Compatible capacity currently occupied; placed in waiting queue,,,249.6148
161,414.4236,1,469.0578,ADMITTED,General,54.6342,191.24,General bed available; least-specialized compatible assignment for Level-1 (elapsed wait: 54.6m; free General: 1),469.0578,548.8486,79.7908
190,473.1321,2,473.1321,WAITING,NONE,0.0,0.0,Compatible capacity currently occupied; placed in waiting queue,,,215.1628
129,318.8176,3,474.6487,ADMITTED,Critical,155.8311,1850.45,Critical acuity priority allocation (elapsed wait: 155.8m; Critical free: 1/5),474.6487,791.5447,316.8961
191,476.3925,2,476.3925,WAITING,NONE,0.0,0.0,Compatible capacity currently occupied; placed in waiting queue,,,100.3365
192,476.5442,1,476.5442,WAITING,NONE,0.0,0.0,Compatible capacity currently occupied; placed in waiting queue,,,222.6812
193,481.9011,1,481.9011,WAITING,NONE,0.0,0.0,Compatible capacity currently occupied; placed in waiting queue,,,110.9855
162,414.4893,1,482.1889,ADMITTED,General,67.6995,195.84,General bed available; least-specialized compatible assignment for Level-1 (elapsed wait: 67.7m; free General: 1),482.1889,544.5637,62.3749
163,416.5939,1,484.2889,ADMITTED,General,67.695,195.84,General bed available; least-specialized compatible assignment for Level-1 (elapsed wait: 67.7m; free General: 1),484.2889,586.9538,102.6649
194,488.881,1,488.881,WAITING,NONE,0.0,0.0,Compatible capacity currently occupied; placed in waiting queue,,,95.0496
195,489.6772,1,489.6772,WAITING,NONE,0.0,0.0,Compatible capacity currently occupied; placed in waiting queue,,,92.0633
196,491.4399,1,491.4399,WAITING,NONE,0.0,0.0,Compatible capacity currently occupied; placed in waiting queue,,,187.4547
164,418.1568,1,491.8078,ADMITTED,General,73.6511,198.13,General bed available; least-specialized compatible assignment for Level-1 (elapsed wait: 73.7m; free General: 1),491.8078,581.3772,89.5694
131,326.8458,3,494.6602,ADMITTED,Critical,167.8144,1876.94,Critical acuity priority allocation (elapsed wait: 167.8m; Critical free: 1/5),494.6602,726.3316,231.6714
197,498.2602,3,498.2602,WAITING,NONE,0.0,0.0,Compatible capacity currently occupied; placed in waiting queue,,,130.6633
167,423.0223,1,499.7919,ADMITTED,General,76.7696,199.37,General bed available; least-specialized compatible assignment for Level-1 (elapsed wait: 76.8m; free General: 1),499.7919,686.24,186.4481
198,502.1638,1,502.1638,WAITING,NONE,0.0,0.0,Compatible capacity currently occupied; placed in waiting queue,,,157.2172
134,335.2969,2,502.2143,ADMITTED,Monitored,166.9174,457.12,Monitored preferred bed assignment for Level-2 patient (elapsed wait: 166.9m; free Monitored: 1),502.2143,676.1697,173.9554
199,502.7226,2,502.7226,WAITING,NONE,0.0,0.0,Compatible capacity currently occupied; placed in waiting queue,,,216.6444
137,341.9268,2,506.5239,ADMITTED,Monitored,164.5971,455.63,Monitored preferred bed assignment for Level-2 patient (elapsed wait: 164.6m; free Monitored: 1),506.5239,820.6801,314.1562
168,423.4893,1,508.3849,ADMITTED,General,84.8956,202.75,General bed available; least-specialized compatible assignment for Level-1 (elapsed wait: 84.9m; free General: 1),508.3849,612.84,104.4551
200,511.065,1,511.065,WAITING,NONE,0.0,0.0,Compatible capacity currently occupied; placed in waiting queue,,,91.3411
171,426.8507,1,511.5313,ADMITTED,General,84.6807,202.66,General bed available; least-specialized compatible assignment for Level-1 (elapsed wait: 84.7m; free General: 1),511.5313,591.2547,79.7234
172,427.608,1,513.3683,ADMITTED,General,85.7604,203.13,General bed available; least-specialized compatible assignment for Level-1 (elapsed wait: 85.8m; free General: 1),513.3683,667.2614,153.8931
201,514.7967,2,514.7967,WAITING,NONE,0.0,0.0,Compatible capacity currently occupied; placed in waiting queue,,,131.185
202,515.1885,2,515.1885,WAITING,NONE,0.0,0.0,Compatible capacity currently occupied; placed in waiting queue,,,151.9152
173,430.5929,1,516.1416,ADMITTED,General,85.5487,203.03,General bed available; least-specialized compatible assignment for Level-1 (elapsed wait: 85.5m; free General: 1),516.1416,705.5542,189.4126
174,431.4348,1,517.2122,ADMITTED,General,85.7773,203.13,General bed available; least-specialized compatible assignment for Level-1 (elapsed wait: 85.8m; free General: 1),517.2122,683.416,166.2039
203,519.9809,2,519.9809,WAITING,NONE,0.0,0.0,Compatible capacity currently occupied; placed in waiting queue,,,93.9509
204,522.2672,2,522.2672,WAITING,NONE,0.0,0.0,Compatible capacity currently occupied; placed in waiting queue,,,116.1196
176,436.2218,1,522.3462,ADMITTED,General,86.1244,203.28,General bed available; least-specialized compatible assignment for Level-1 (elapsed wait: 86.1m; free General: 1),522.3462,763.314,240.9679
205,525.4557,1,525.4557,WAITING,NONE,0.0,0.0,Compatible capacity currently occupied; placed in waiting queue,,,112.0577
177,436.6652,1,526.9052,ADMITTED,General,90.24,205.09,General bed available; least-specialized compatible assignment for Level-1 (elapsed wait: 90.2m; free General: 1),526.9052,724.7316,197.8264
206,527.6812,1,527.6812,WAITING,NONE,0.0,0.0,Compatible capacity currently occupied; placed in waiting queue,,,158.2981
207,528.4807,3,528.4807,WAITING,NONE,0.0,0.0,Compatible capacity currently occupied; placed in waiting queue,,,268.3921
178,444.578,1,529.9655,ADMITTED,General,85.3875,202.97,General bed available; least-specialized compatible assignment for Level-1 (elapsed wait: 85.4m; free General: 1),529.9655,634.4471,104.4816
180,452.4622,1,531.197,ADMITTED,General,78.7348,200.17,General bed available; least-specialized compatible assignment for Level-1 (elapsed wait: 78.7m; free General: 1),531.197,705.1719,173.9749
181,452.6104,1,532.7337,ADMITTED,General,80.1232,200.74,General bed available; least-specialized compatible assignment for Level-1 (elapsed wait: 80.1m; free General: 1),532.7337,590.1526,57.4189
208,534.2356,2,534.2356,WAITING,NONE,0.0,0.0,Compatible capacity currently occupied; placed in waiting queue,,,138.802
209,534.4436,1,534.4436,WAITING,NONE,0.0,0.0,Compatible capacity currently occupied; placed in waiting queue,,,105.6291
140,349.4683,2,535.7622,ADMITTED,Monitored,186.2939,476.62,Monitored preferred bed assignment for Level-2 patient (elapsed wait: 186.3m; free Monitored: 1),535.7622,693.0768,157.3146
210,536.9914,2,536.9914,WAITING,NONE,0.0,0.0,Compatible capacity currently occupied; placed in waiting queue,,,131.7206
211,537.4913,3,537.4913,WAITING,NONE,0.0,0.0,Compatible capacity currently occupied; placed in waiting queue,,,239.7255
183,453.2542,1,538.2492,ADMITTED,General,84.9949,202.8,General bed available; least-specialized compatible assignment for Level-1 (elapsed wait: 85.0m; free General: 1),538.2492,691.1806,152.9314
212,541.298,2,541.298,WAITING,NONE,0.0,0.0,Compatible capacity currently occupied; placed in waiting queue,,,133.6203
213,541.8254,1,541.8254,WAITING,NONE,0.0,0.0,Compatible capacity currently occupied; placed in waiting queue,,,146.3692
187,463.1072,1,544.5637,ADMITTED,General,81.4565,201.3,General bed available; least-specialized compatible assignment for Level-1 (elapsed wait: 81.5m; free General: 1),544.5637,679.9207,135.3569
214,546.2536,1,546.2536,WAITING,NONE,0.0,0.0,Compatible capacity currently occupied; placed in waiting queue,,,140.2507
215,546.9144,3,546.9144,WAITING,NONE,0.0,0.0,Compatible capacity currently occupied; placed in waiting queue,,,186.9105
216,547.2798,1,547.2798,WAITING,NONE,0.0,0.0,Compatible capacity currently occupied; placed in waiting queue,,,183.2148
217,547.68,3,547.68,WAITING,NONE,0.0,0.0,Compatible capacity currently occupied; placed in waiting queue,,,261.8157
218,547.7177,2,547.7177,WAITING,NONE,0.0,0.0,Compatible capacity currently occupied; placed in waiting queue,,,257.2243
188,466.082,1,548.8486,ADMITTED,General,82.7666,201.85,General bed available; least-specialized compatible assignment for Level-1 (elapsed wait: 82.8m; free General: 1),548.8486,643.4415,94.5928
219,551.0681,2,551.0681,WAITING,NONE,0.0,0.0,Compatible capacity currently occupied; placed in waiting queue,,,292.517
192,476.5442,1,552.9367,ADMITTED,General,76.3925,199.22,General bed available; least-specialized compatible assignment for Level-1 (elapsed wait: 76.4m; free General: 1),552.9367,775.6179,222.6812
193,481.9011,1,554.6509,ADMITTED,General,72.7499,197.77,General bed available; least-specialized compatible assignment for Level-1 (elapsed wait: 72.7m; free General: 1),554.6509,665.6364,110.9855
220,555.4843,2,555.4843,WAITING,NONE,0.0,0.0,Compatible capacity currently occupied; placed in waiting queue,,,216.5432
221,556.1062,1,556.1062,WAITING,NONE,0.0,0.0,Compatible capacity currently occupied; placed in waiting queue,,,255.7295
222,558.3319,2,558.3319,WAITING,NONE,0.0,0.0,Compatible capacity currently occupied; placed in waiting queue,,,318.914
194,488.881,1,558.4912,ADMITTED,General,69.6102,196.56,General bed available; least-specialized compatible assignment for Level-1 (elapsed wait: 69.6m; free General: 1),558.4912,653.5408,95.0496
223,558.5575,2,558.5575,WAITING,NONE,0.0,0.0,Compatible capacity currently occupied; placed in waiting queue,,,64.4181
224,558.8823,2,558.8823,WAITING,NONE,0.0,0.0,Compatible capacity currently occupied; placed in waiting queue,,,152.8284
195,489.6772,1,561.7172,ADMITTED,General,72.04,197.5,General bed available; least-specialized compatible assignment for Level-1 (elapsed wait: 72.0m; free General: 1),561.7172,653.7806,92.0633
225,561.7586,1,561.7586,WAITING,NONE,0.0,0.0,Compatible capacity currently occupied; placed in waiting queue,,,145.8681
196,491.4399,1,565.0815,ADMITTED,General,73.6416,198.12,General bed available; least-specialized compatible assignment for Level-1 (elapsed wait: 73.6m; free General: 1),565.0815,752.5362,187.4547
198,502.1638,1,566.3767,ADMITTED,General,64.213,194.56,General bed available; least-specialized compatible assignment for Level-1 (elapsed wait: 64.2m; free General: 1),566.3767,723.594,157.2172
226,571.6171,1,571.6171,WAITING,NONE,0.0,0.0,Compatible capacity currently occupied; placed in waiting queue,,,256.1227
227,572.9109,1,572.9109,WAITING,NONE,0.0,0.0,Compatible capacity currently occupied; placed in waiting queue,,,67.2405
200,511.065,1,573.9016,ADMITTED,General,62.8366,194.06,General bed available; least-specialized compatible assignment for Level-1 (elapsed wait: 62.8m; free General: 1),573.9016,665.2427,91.3411
205,525.4557,1,574.7746,ADMITTED,General,49.3189,189.54,General bed available; least-specialized compatible assignment for Level-1 (elapsed wait: 49.3m; free General: 1),574.7746,686.8323,112.0577
206,527.6812,1,576.683,ADMITTED,General,49.0019,189.44,General bed available; least-specialized compatible assignment for Level-1 (elapsed wait: 49.0m; free General: 1),576.683,734.9812,158.2981
209,534.4436,1,579.3374,ADMITTED,General,44.8938,188.21,General bed available; least-specialized compatible assignment for Level-1 (elapsed wait: 44.9m; free General: 1),579.3374,684.9665,105.6291
142,364.3508,2,579.4519,ADMITTED,Monitored,215.1011,1096.06,Monitored preferred bed assignment for Level-2 patient (elapsed wait: 215.1m; free Monitored: 1),579.4519,740.1065,160.6546
228,580.0045,2,580.0045,WAITING,NONE,0.0,0.0,Compatible capacity currently occupied; placed in waiting queue,,,286.0586
213,541.8254,1,581.3772,ADMITTED,General,39.5518,186.7,General bed available; least-specialized compatible assignment for Level-1 (elapsed wait: 39.6m; free General: 1),581.3772,727.7464,146.3692
229,582.6302,1,582.6302,WAITING,NONE,0.0,0.0,Compatible capacity currently occupied; placed in waiting queue,,,169.8469
230,583.0933,1,583.0933,WAITING,NONE,0.0,0.0,Compatible capacity currently occupied; placed in waiting queue,,,231.0242
150,389.2296,3,585.7883,ADMITTED,Critical,196.5587,2105.08,Critical acuity priority allocation (elapsed wait: 196.6m; Critical free: 1/5),585.7883,876.3122,290.5239
214,546.2536,1,586.9538,ADMITTED,General,40.7002,187.02,General bed available; least-specialized compatible assignment for Level-1 (elapsed wait: 40.7m; free General: 1),586.9538,727.2045,140.2507
231,590.1305,1,590.1305,WAITING,NONE,0.0,0.0,Compatible capacity currently occupied; placed in waiting queue,,,72.741
216,547.2798,1,590.1526,ADMITTED,General,42.8728,187.63,General bed available; least-specialized compatible assignment for Level-1 (elapsed wait: 42.9m; free General: 1),590.1526,773.3673,183.2148
221,556.1062,1,590.7375,ADMITTED,General,34.6312,185.42,General bed available; least-specialized compatible assignment for Level-1 (elapsed wait: 34.6m; free General: 1),590.7375,846.467,255.7295
225,561.7586,1,591.2547,ADMITTED,General,29.4961,184.19,General bed available; least-specialized compatible assignment for Level-1 (elapsed wait: 29.5m; free General: 1),591.2547,737.1228,145.8681
232,592.3808,1,592.3808,WAITING,NONE,0.0,0.0,Compatible capacity currently occupied; placed in waiting queue,,,130.9098
233,592.6076,3,592.6076,WAITING,NONE,0.0,0.0,Compatible capacity currently occupied; placed in waiting queue,,,305.4804
148,383.7159,2,596.3866,ADMITTED,Monitored,212.6707,666.79,Monitored preferred bed assignment for Level-2 patient (elapsed wait: 212.7m; free Monitored: 1),596.3866,789.8894,193.5028
155,399.6364,2,598.5913,ADMITTED,Monitored,198.955,538.77,Monitored preferred bed assignment for Level-2 patient (elapsed wait: 199.0m; free Monitored: 1),598.5913,752.6037,154.0124
234,599.3812,1,599.3812,WAITING,NONE,0.0,0.0,Compatible capacity currently occupied; placed in waiting queue,,,59.7768
235,599.9617,1,599.9617,WAITING,NONE,0.0,0.0,Compatible capacity currently occupied; placed in waiting queue,,,75.47
236,600.6397,1,600.6397,WAITING,NONE,0.0,0.0,Compatible capacity currently occupied; placed in waiting queue,,,103.6235
237,601.4387,1,601.4387,WAITING,NONE,0.0,0.0,Compatible capacity currently occupied; placed in waiting queue,,,125.6898
238,604.9091,1,604.9091,WAITING,NONE,0.0,0.0,Compatible capacity currently occupied; placed in waiting queue,,,98.6371
239,608.3113,1,608.3113,WAITING,NONE,0.0,0.0,Compatible capacity currently occupied; placed in waiting queue,,,146.3921
240,609.7517,2,609.7517,WAITING,NONE,0.0,0.0,Compatible capacity currently occupied; placed in waiting queue,,,231.9012
241,611.2629,1,611.2629,WAITING,NONE,0.0,0.0,Compatible capacity currently occupied; placed in waiting queue,,,90.7672
165,421.1389,2,612.5237,ADMITTED,Monitored,191.3848,495.14,Monitored preferred bed assignment for Level-2 patient (elapsed wait: 191.4m; free Monitored: 1),612.5237,787.2077,174.684
226,571.6171,1,612.84,ADMITTED,General,41.2229,187.16,General bed available; least-specialized compatible assignment for Level-1 (elapsed wait: 41.2m; free General: 1),612.84,868.9626,256.1227
227,572.9109,1,613.9174,ADMITTED,General,41.0066,187.1,General bed available; least-specialized compatible assignment for Level-1 (elapsed wait: 41.0m; free General: 1),613.9174,681.1579,67.2405
242,616.2124,3,616.2124,WAITING,NONE,0.0,0.0,Compatible capacity currently occupied; placed in waiting queue,,,409.9528
169,423.8713,2,616.4077,ADMITTED,Monitored,192.5364,500.54,Monitored preferred bed assignment for Level-2 patient (elapsed wait: 192.5m; free Monitored: 1),616.4077,797.1078,180.7001
243,618.4056,1,618.4056,WAITING,NONE,0.0,0.0,Compatible capacity currently occupied; placed in waiting queue,,,146.1453
244,619.2869,1,619.2869,WAITING,NONE,0.0,0.0,Compatible capacity currently occupied; placed in waiting queue,,,104.1307
245,623.3468,2,623.3468,WAITING,NONE,0.0,0.0,Compatible capacity currently occupied; placed in waiting queue,,,263.9297
246,627.5502,1,627.5502,WAITING,NONE,0.0,0.0,Compatible capacity currently occupied; placed in waiting queue,,,158.2791
247,630.1853,2,630.1853,WAITING,NONE,0.0,0.0,Compatible capacity currently occupied; placed in waiting queue,,,176.2442
248,630.6686,1,630.6686,WAITING,NONE,0.0,0.0,Compatible capacity currently occupied; placed in waiting queue,,,186.1235
249,632.1973,2,632.1973,WAITING,NONE,0.0,0.0,Compatible capacity currently occupied; placed in waiting queue,,,200.9363
229,582.6302,1,634.4471,ADMITTED,General,51.8169,190.33,General bed available; least-specialized compatible assignment for Level-1 (elapsed wait: 51.8m; free General: 1),634.4471,804.294,169.8469
250,638.3042,1,638.3042,WAITING,NONE,0.0,0.0,Compatible capacity currently occupied; placed in waiting queue,,,153.9075
156,399.801,3,639.801,REJECTED,NONE,240.0,0.0,Rejected after 240-minute waiting threshold,,,205.2007
166,421.392,3,642.9411,ADMITTED,Critical,221.5491,4416.57,Critical acuity priority allocation (elapsed wait: 221.5m; Critical free: 1/5),642.9411,850.8404,207.8993
230,583.0933,1,643.4415,ADMITTED,General,60.3482,193.18,General bed available; least-specialized compatible assignment for Level-1 (elapsed wait: 60.3m; free General: 1),643.4415,874.4657,231.0242
231,590.1305,1,650.0124,ADMITTED,General,59.8819,193.02,General bed available; least-specialized compatible assignment for Level-1 (elapsed wait: 59.9m; free General: 1),650.0124,722.7534,72.741
251,650.8846,2,650.8846,WAITING,NONE,0.0,0.0,Compatible capacity currently occupied; placed in waiting queue,,,157.2182
232,592.3808,1,653.5408,ADMITTED,General,61.16,193.46,General bed available; least-specialized compatible assignment for Level-1 (elapsed wait: 61.2m; free General: 1),653.5408,784.4506,130.9098
234,599.3812,1,653.7806,ADMITTED,General,54.3993,191.16,General bed available; least-specialized compatible assignment for Level-1 (elapsed wait: 54.4m; free General: 1),653.7806,713.5573,59.7768
252,656.1734,1,656.1734,WAITING,NONE,0.0,0.0,Compatible capacity currently occupied; placed in waiting queue,,,98.057
253,656.4684,1,656.4684,WAITING,NONE,0.0,0.0,Compatible capacity currently occupied; placed in waiting queue,,,107.125
170,425.068,2,657.3965,ADMITTED,Monitored,232.3285,1360.3,Monitored preferred bed assignment for Level-2 patient (elapsed wait: 232.3m; free Monitored: 1),657.3965,765.7691,108.3727
254,657.3995,3,657.3995,WAITING,NONE,0.0,0.0,Compatible capacity currently occupied; placed in waiting queue,,,251.6776
255,658.438,1,658.438,WAITING,NONE,0.0,0.0,Compatible capacity currently occupied; placed in waiting queue,,,145.107
256,660.019,1,660.019,WAITING,NONE,0.0,0.0,Compatible capacity currently occupied; placed in waiting queue,,,180.2004
257,660.9421,1,660.9421,WAITING,NONE,0.0,0.0,Compatible capacity currently occupied; placed in waiting queue,,,91.7932
235,599.9617,1,665.2427,ADMITTED,General,65.281,194.95,General bed available; least-specialized compatible assignment for Level-1 (elapsed wait: 65.3m; free General: 1),665.2427,740.7127,75.47
236,600.6397,1,665.6364,ADMITTED,General,64.9967,194.84,General bed available; least-specialized compatible assignment for Level-1 (elapsed wait: 65.0m; free General: 1),665.6364,769.2599,103.6235
258,666.4868,2,666.4868,WAITING,NONE,0.0,0.0,Compatible capacity currently occupied; placed in waiting queue,,,101.8263
259,666.4894,2,666.4894,WAITING,NONE,0.0,0.0,Compatible capacity currently occupied; placed in waiting queue,,,199.5348
237,601.4387,1,667.2614,ADMITTED,General,65.8227,195.14,General bed available; least-specialized compatible assignment for Level-1 (elapsed wait: 65.8m; free General: 1),667.2614,792.9512,125.6898
175,431.9412,2,671.9412,REJECTED,NONE,240.0,0.0,Rejected after 240-minute waiting threshold,,,310.9246
260,674.3039,1,674.3039,WAITING,NONE,0.0,0.0,Compatible capacity currently occupied; placed in waiting queue,,,72.7988
261,675.8875,2,675.8875,WAITING,NONE,0.0,0.0,Compatible capacity currently occupied; placed in waiting queue,,,217.3354
179,452.1378,2,676.1697,ADMITTED,Monitored,224.032,1220.62,Monitored preferred bed assignment for Level-2 patient (elapsed wait: 224.0m; free Monitored: 1),676.1697,895.807,219.6373
262,677.4723,1,677.4723,WAITING,NONE,0.0,0.0,Compatible capacity currently occupied; placed in waiting queue,,,149.6969
238,604.9091,1,679.9207,ADMITTED,General,75.0116,198.67,General bed available; least-specialized compatible assignment for Level-1 (elapsed wait: 75.0m; free General: 1),679.9207,778.5578,98.6371
186,461.3145,2,681.0412,ADMITTED,Monitored,219.7268,1157.23,Monitored preferred bed assignment for Level-2 patient (elapsed wait: 219.7m; free Monitored: 1),681.0412,884.626,203.5848
239,608.3113,1,681.1579,ADMITTED,General,72.8467,197.81,General bed available; least-specialized compatible assignment for Level-1 (elapsed wait: 72.8m; free General: 1),681.1579,827.55,146.3921
263,681.2664,2,681.2664,WAITING,NONE,0.0,0.0,Compatible capacity currently occupied; placed in waiting queue,,,159.9348
264,683.3006,1,683.3006,WAITING,NONE,0.0,0.0,Compatible capacity currently occupied; placed in waiting queue,,,100.0372
241,611.2629,1,683.416,ADMITTED,General,72.1532,197.54,General bed available; least-specialized compatible assignment for Level-1 (elapsed wait: 72.2m; free General: 1),683.416,774.1833,90.7672
243,618.4056,1,684.9665,ADMITTED,General,66.5609,195.42,General bed available; least-specialized compatible assignment for Level-1 (elapsed wait: 66.6m; free General: 1),684.9665,831.1117,146.1453
244,619.2869,1,686.24,ADMITTED,General,66.9532,195.56,General bed available; least-specialized compatible assignment for Level-1 (elapsed wait: 67.0m; free General: 1),686.24,790.3707,104.1307
246,627.5502,1,686.8323,ADMITTED,General,59.2821,192.81,General bed available; least-specialized compatible assignment for Level-1 (elapsed wait: 59.3m; free General: 1),686.8323,845.1114,158.2791
265,686.9842,1,686.9842,WAITING,NONE,0.0,0.0,Compatible capacity currently occupied; placed in waiting queue,,,182.7642
266,687.6302,1,687.6302,WAITING,NONE,0.0,0.0,Compatible capacity currently occupied; placed in waiting queue,,,164.4194
267,687.9,1,687.9,WAITING,NONE,0.0,0.0,Compatible capacity currently occupied; placed in waiting queue,,,133.3328
268,689.7332,1,689.7332,WAITING,NONE,0.0,0.0,Compatible capacity currently occupied; placed in waiting queue,,,95.7147
269,690.781,2,690.781,WAITING,NONE,0.0,0.0,Compatible capacity currently occupied; placed in waiting queue,,,113.6986
248,630.6686,1,691.1806,ADMITTED,General,60.512,193.24,General bed available; least-specialized compatible assignment for Level-1 (elapsed wait: 60.5m; free General: 1),691.1806,877.3041,186.1235
182,453.0498,3,693.0498,REJECTED,NONE,240.0,0.0,Rejected after 240-minute waiting threshold,,,470.1909
189,466.2788,2,693.0768,ADMITTED,Monitored,226.798,1264.62,Monitored preferred bed assignment for Level-2 patient (elapsed wait: 226.8m; free Monitored: 1),693.0768,942.6916,249.6148
184,455.5486,3,695.5486,REJECTED,NONE,240.0,0.0,Rejected after 240-minute waiting threshold,,,374.4843
185,456.9027,3,696.9027,REJECTED,NONE,240.0,0.0,Rejected after 240-minute waiting threshold,,,222.9463
270,697.4388,2,697.4388,WAITING,NONE,0.0,0.0,Compatible capacity currently occupied; placed in waiting queue,,,123.4735
271,699.5785,1,699.5785,WAITING,NONE,0.0,0.0,Compatible capacity currently occupied; placed in waiting queue,,,129.5402
272,703.8548,1,703.8548,WAITING,NONE,0.0,0.0,Compatible capacity currently occupied; placed in waiting queue,,,136.4458
250,638.3042,1,705.1719,ADMITTED,General,66.8677,195.53,General bed available; least-specialized compatible assignment for Level-1 (elapsed wait: 66.9m; free General: 1),705.1719,859.0793,153.9075
252,656.1734,1,705.5542,ADMITTED,General,49.3808,189.56,General bed available; least-specialized compatible assignment for Level-1 (elapsed wait: 49.4m; free General: 1),705.5542,803.6112,98.057
273,706.0738,2,706.0738,WAITING,NONE,0.0,0.0,Compatible capacity currently occupied; placed in waiting queue,,,338.2841
253,656.4684,1,706.4503,ADMITTED,General,49.9819,189.75,General bed available; least-specialized compatible assignment for Level-1 (elapsed wait: 50.0m; free General: 1),706.4503,813.5753,107.125
274,706.8086,3,706.8086,WAITING,NONE,0.0,0.0,Compatible capacity currently occupied; placed in waiting queue,,,188.6586
275,708.2577,1,708.2577,WAITING,NONE,0.0,0.0,Compatible capacity currently occupied; placed in waiting queue,,,46.9381
276,708.6944,1,708.6944,WAITING,NONE,0.0,0.0,Compatible capacity currently occupied; placed in waiting queue,,,107.4258
190,473.1321,2,713.1321,REJECTED,NONE,240.0,0.0,Rejected after 240-minute waiting threshold,,,215.1628
255,658.438,1,713.5573,ADMITTED,General,55.1193,191.4,General bed available; least-specialized compatible assignment for Level-1 (elapsed wait: 55.1m; free General: 1),713.5573,858.6644,145.107
191,476.3925,2,716.3925,REJECTED,NONE,240.0,0.0,Rejected after 240-minute waiting threshold,,,100.3365
277,717.4197,3,717.4197,WAITING,NONE,0.0,0.0,Compatible capacity currently occupied; placed in waiting queue,,,191.1921
278,720.9368,1,720.9368,WAITING,NONE,0.0,0.0,Compatible capacity currently occupied; placed in waiting queue,,,164.5656
279,721.9634,1,721.9634,WAITING,NONE,0.0,0.0,Compatible capacity currently occupied; placed in waiting queue,,,131.1762
256,660.019,1,722.7534,ADMITTED,General,62.7345,194.02,General bed available; least-specialized compatible assignment for Level-1 (elapsed wait: 62.7m; free General: 1),722.7534,902.9539,180.2004
257,660.9421,1,723.594,ADMITTED,General,62.6519,193.99,General bed available; least-specialized compatible assignment for Level-1 (elapsed wait: 62.7m; free General: 1),723.594,815.3872,91.7932
280,724.6572,2,724.6572,WAITING,NONE,0.0,0.0,Compatible capacity currently occupied; placed in waiting queue,,,175.1578
260,674.3039,1,724.7316,ADMITTED,General,50.4277,189.89,General bed available; least-specialized compatible assignment for Level-1 (elapsed wait: 50.4m; free General: 1),724.7316,797.5304,72.7988
281,725.6513,1,725.6513,WAITING,NONE,0.0,0.0,Compatible capacity currently occupied; placed in waiting queue,,,135.8875
282,725.6794,3,725.6794,WAITING,NONE,0.0,0.0,Compatible capacity currently occupied; placed in waiting queue,,,211.4253
197,498.2602,3,726.3316,ADMITTED,Critical,228.0714,4775.1,Critical acuity priority allocation (elapsed wait: 228.1m; Critical free: 1/5),726.3316,856.9949,130.6633
283,726.8508,1,726.8508,WAITING,NONE,0.0,0.0,Compatible capacity currently occupied; placed in waiting queue,,,88.6185
284,727.157,1,727.157,WAITING,NONE,0.0,0.0,Compatible capacity currently occupied; placed in waiting queue,,,132.4828
262,677.4723,1,727.2045,ADMITTED,General,49.7322,189.67,General bed available; least-specialized compatible assignment for Level-1 (elapsed wait: 49.7m; free General: 1),727.2045,876.9014,149.6969
285,727.6548,1,727.6548,WAITING,NONE,0.0,0.0,Compatible capacity currently occupied; placed in waiting queue,,,130.7071
264,683.3006,1,727.7464,ADMITTED,General,44.4458,188.08,General bed available; least-specialized compatible assignment for Level-1 (elapsed wait: 44.4m; free General: 1),727.7464,827.7836,100.0372
286,728.0919,2,728.0919,WAITING,NONE,0.0,0.0,Compatible capacity currently occupied; placed in waiting queue,,,168.9086
287,728.6976,1,728.6976,WAITING,NONE,0.0,0.0,Compatible capacity currently occupied; placed in waiting queue,,,130.9186
288,730.652,2,730.652,WAITING,NONE,0.0,0.0,Compatible capacity currently occupied; placed in waiting queue,,,320.2439
289,733.1296,1,733.1296,WAITING,NONE,0.0,0.0,Compatible capacity currently occupied; placed in waiting queue,,,167.321
265,686.9842,1,734.9812,ADMITTED,General,47.997,189.14,General bed available; least-specialized compatible assignment for Level-1 (elapsed wait: 48.0m; free General: 1),734.9812,917.7454,182.7642
290,736.6741,3,736.6741,WAITING,NONE,0.0,0.0,Compatible capacity currently occupied; placed in waiting queue,,,190.6429
291,737.0609,2,737.0609,WAITING,NONE,0.0,0.0,Compatible capacity currently occupied; placed in waiting queue,,,157.6226
266,687.6302,1,737.1228,ADMITTED,General,49.4926,189.6,General bed available; least-specialized compatible assignment for Level-1 (elapsed wait: 49.5m; free General: 1),737.1228,901.5422,164.4194
292,737.9793,1,737.9793,WAITING,NONE,0.0,0.0,Compatible capacity currently occupied; placed in waiting queue,,,89.3689
293,739.7916,3,739.7916,WAITING,NONE,0.0,0.0,Compatible capacity currently occupied; placed in waiting queue,,,259.9468
199,502.7226,2,740.1065,ADMITTED,Monitored,237.3838,1456.73,Monitored preferred bed assignment for Level-2 patient (elapsed wait: 237.4m; free Monitored: 1),740.1065,956.7509,216.6444
267,687.9,1,740.7127,ADMITTED,General,52.8127,190.65,General bed available; least-specialized compatible assignment for Level-1 (elapsed wait: 52.8m; free General: 1),740.7127,874.0455,133.3328
294,742.5499,1,742.5499,WAITING,NONE,0.0,0.0,Compatible capacity currently occupied; placed in waiting queue,,,143.8772
295,745.9953,1,745.9953,WAITING,NONE,0.0,0.0,Compatible capacity currently occupied; placed in waiting queue,,,165.5912
296,749.786,2,749.786,WAITING,NONE,0.0,0.0,Compatible capacity currently occupied; placed in waiting queue,,,198.8911
268,689.7332,1,752.5362,ADMITTED,General,62.803,194.05,General bed available; least-specialized compatible assignment for Level-1 (elapsed wait: 62.8m; free General: 1),752.5362,848.2509,95.7147
201,514.7967,2,752.6037,ADMITTED,Monitored,237.807,1465.19,Monitored preferred bed assignment for Level-2 patient (elapsed wait: 237.8m; free Monitored: 1),752.6037,883.7887,131.185
202,515.1885,2,755.1885,REJECTED,NONE,240.0,0.0,Rejected after 240-minute waiting threshold,,,151.9152
297,756.3311,1,756.3311,WAITING,NONE,0.0,0.0,Compatible capacity currently occupied; placed in waiting queue,,,175.1982
203,519.9809,2,759.9809,REJECTED,NONE,240.0,0.0,Rejected after 240-minute waiting threshold,,,93.9509
298,760.2733,3,760.2733,WAITING,NONE,0.0,0.0,Compatible capacity currently occupied; placed in waiting queue,,,174.0147
299,760.3849,2,760.3849,WAITING,NONE,0.0,0.0,Compatible capacity currently occupied; placed in waiting queue,,,177.234
204,522.2672,2,762.2672,REJECTED,NONE,240.0,0.0,Rejected after 240-minute waiting threshold,,,116.1196
271,699.5785,1,763.314,ADMITTED,General,63.7355,194.38,General bed available; least-specialized compatible assignment for Level-1 (elapsed wait: 63.7m; free General: 1),763.314,892.8542,129.5402
300,765.293,1,765.293,WAITING,NONE,0.0,0.0,Compatible capacity currently occupied; placed in waiting queue,,,92.4835
208,534.2356,2,765.7691,ADMITTED,Monitored,231.5335,1345.92,Monitored preferred bed assignment for Level-2 patient (elapsed wait: 231.5m; free Monitored: 1),765.7691,904.5711,138.802
301,767.4274,2,767.4274,WAITING,NONE,0.0,0.0,Compatible capacity currently occupied; placed in waiting queue,,,210.3794
302,767.5859,1,767.5859,WAITING,NONE,0.0,0.0,Compatible capacity currently occupied; placed in waiting queue,,,100.1784
207,528.4807,3,768.4807,REJECTED,NONE,240.0,0.0,Rejected after 240-minute waiting threshold,,,268.3921
272,703.8548,1,769.2599,ADMITTED,General,65.4051,194.99,General bed available; least-specialized compatible assignment for Level-1 (elapsed wait: 65.4m; free General: 1),769.2599,905.7058,136.4458
303,769.6235,2,769.6235,WAITING,NONE,0.0,0.0,Compatible capacity currently occupied; placed in waiting queue,,,136.4159
304,770.7206,1,770.7206,WAITING,NONE,0.0,0.0,Compatible capacity currently occupied; placed in waiting queue,,,135.643
305,772.7536,1,772.7536,WAITING,NONE,0.0,0.0,Compatible capacity currently occupied; placed in waiting queue,,,119.1261
275,708.2577,1,773.3673,ADMITTED,General,65.1097,194.88,General bed available; least-specialized compatible assignment for Level-1 (elapsed wait: 65.1m; free General: 1),773.3673,820.3055,46.9381
276,708.6944,1,774.1833,ADMITTED,General,65.4889,195.02,General bed available; least-specialized compatible assignment for Level-1 (elapsed wait: 65.5m; free General: 1),774.1833,881.6091,107.4258
278,720.9368,1,775.6179,ADMITTED,General,54.6811,191.26,General bed available; least-specialized compatible assignment for Level-1 (elapsed wait: 54.7m; free General: 1),775.6179,940.1835,164.5656
210,536.9914,2,776.9914,REJECTED,NONE,240.0,0.0,Rejected after 240-minute waiting threshold,,,131.7206
211,537.4913,3,777.4913,REJECTED,NONE,240.0,0.0,Rejected after 240-minute waiting threshold,,,239.7255
306,778.3509,3,778.3509,WAITING,NONE,0.0,0.0,Compatible capacity currently occupied; placed in waiting queue,,,147.0252
279,721.9634,1,778.5578,ADMITTED,General,56.5944,191.89,General bed available; least-specialized compatible assignment for Level-1 (elapsed wait: 56.6m; free General: 1),778.5578,909.734,131.1762
307,780.2746,3,780.2746,WAITING,NONE,0.0,0.0,Compatible capacity currently occupied; placed in waiting queue,,,270.2026
308,780.8121,2,780.8121,WAITING,NONE,0.0,0.0,Compatible capacity currently occupied; placed in waiting queue,,,118.8266
309,780.8712,2,780.8712,WAITING,NONE,0.0,0.0,Compatible capacity currently occupied; placed in waiting queue,,,178.9678
212,541.298,2,781.298,REJECTED,NONE,240.0,0.0,Rejected after 240-minute waiting threshold,,,133.6203
281,725.6513,1,784.4506,ADMITTED,General,58.7992,192.64,General bed available; least-specialized compatible assignment for Level-1 (elapsed wait: 58.8m; free General: 1),784.4506,920.3381,135.8875
215,546.9144,3,786.9144,REJECTED,NONE,240.0,0.0,Rejected after 240-minute waiting threshold,,,186.9105
218,547.7177,2,787.2077,ADMITTED,Monitored,239.49,1499.44,Monitored preferred bed assignment for Level-2 patient (elapsed wait: 239.5m; free Monitored: 1),787.2077,1044.432,257.2243
310,787.5267,1,787.5267,WAITING,NONE,0.0,0.0,Compatible capacity currently occupied; placed in waiting queue,,,215.4995
217,547.68,3,787.68,REJECTED,NONE,240.0,0.0,Rejected after 240-minute waiting threshold,,,261.8157
219,551.0681,2,789.8894,ADMITTED,Monitored,238.8213,1485.72,Monitored preferred bed assignment for Level-2 patient (elapsed wait: 238.8m; free Monitored: 1),789.8894,1082.4064,292.517
283,726.8508,1,790.3707,ADMITTED,General,63.5199,194.31,General bed available; least-specialized compatible assignment for Level-1 (elapsed wait: 63.5m; free General: 1),790.3707,878.9892,88.6185
233,592.6076,3,791.5447,ADMITTED,Critical,198.9371,2160.26,Critical acuity priority allocation (elapsed wait: 198.9m; Critical free: 1/5),791.5447,1097.0251,305.4804
311,792.5547,1,792.5547,WAITING,NONE,0.0,0.0,Compatible capacity currently occupied; placed in waiting queue,,,120.5931
284,727.157,1,792.9512,ADMITTED,General,65.7942,195.13,General bed available; least-specialized compatible assignment for Level-1 (elapsed wait: 65.8m; free General: 1),792.9512,925.4341,132.4828
312,793.872,3,793.872,WAITING,NONE,0.0,0.0,Compatible capacity currently occupied; placed in waiting queue,,,192.5128
220,555.4843,2,795.4843,REJECTED,NONE,240.0,0.0,Rejected after 240-minute waiting threshold,,,216.5432
222,558.3319,2,797.1078,ADMITTED,Monitored,238.776,1484.79,Monitored preferred bed assignment for Level-2 patient (elapsed wait: 238.8m; free Monitored: 1),797.1078,1116.0218,318.914
285,727.6548,1,797.5304,ADMITTED,General,69.8756,196.66,General bed available; least-specialized compatible assignment for Level-1 (elapsed wait: 69.9m; free General: 1),797.5304,928.2375,130.7071
313,798.3191,1,798.3191,WAITING,NONE,0.0,0.0,Compatible capacity currently occupied; placed in waiting queue,,,163.7557
314,798.3888,3,798.3888,WAITING,NONE,0.0,0.0,Compatible capacity currently occupied; placed in waiting queue,,,178.7146
223,558.5575,2,798.5575,REJECTED,NONE,240.0,0.0,Rejected after 240-minute waiting threshold,,,64.4181
224,558.8823,2,798.8823,REJECTED,NONE,240.0,0.0,Rejected after 240-minute waiting threshold,,,152.8284
315,799.7273,1,799.7273,WAITING,NONE,0.0,0.0,Compatible capacity currently occupied; placed in waiting queue,,,127.1722
316,799.8943,1,799.8943,WAITING,NONE,0.0,0.0,Compatible capacity currently occupied; placed in waiting queue,,,59.011
287,728.6976,1,803.6112,ADMITTED,General,74.9137,198.63,General bed available; least-specialized compatible assignment for Level-1 (elapsed wait: 74.9m; free General: 1),803.6112,934.5299,130.9186
289,733.1296,1,804.294,ADMITTED,General,71.1645,197.16,General bed available; least-specialized compatible assignment for Level-1 (elapsed wait: 71.2m; free General: 1),804.294,971.615,167.321
292,737.9793,1,813.5753,ADMITTED,General,75.5959,198.9,General bed available; least-specialized compatible assignment for Level-1 (elapsed wait: 75.6m; free General: 1),813.5753,902.9441,89.3689
294,742.5499,1,815.3872,ADMITTED,General,72.8373,197.81,General bed available; least-specialized compatible assignment for Level-1 (elapsed wait: 72.8m; free General: 1),815.3872,959.2643,143.8772
228,580.0045,2,820.0045,REJECTED,NONE,240.0,0.0,Rejected after 240-minute waiting threshold,,,286.0586
295,745.9953,1,820.3055,ADMITTED,General,74.3101,198.39,General bed available; least-specialized compatible assignment for Level-1 (elapsed wait: 74.3m; free General: 1),820.3055,985.8966,165.5912
240,609.7517,2,820.6801,ADMITTED,Monitored,210.9284,647.03,Monitored preferred bed assignment for Level-2 patient (elapsed wait: 210.9m; free Monitored: 1),820.6801,1052.5813,231.9012
317,822.8009,1,822.8009,WAITING,NONE,0.0,0.0,Compatible capacity currently occupied; placed in waiting queue,,,92.318
318,824.1625,1,824.1625,WAITING,NONE,0.0,0.0,Compatible capacity currently occupied; placed in waiting queue,,,132.2612
319,824.6124,3,824.6124,WAITING,NONE,0.0,0.0,Compatible capacity currently occupied; placed in waiting queue,,,187.563
320,827.1729,1,827.1729,WAITING,NONE,0.0,0.0,Compatible capacity currently occupied; placed in waiting queue,,,165.325
321,827.208,1,827.208,WAITING,NONE,0.0,0.0,Compatible capacity currently occupied; placed in waiting queue,,,145.2919
297,756.3311,1,827.55,ADMITTED,General,71.219,197.18,General bed available; least-specialized compatible assignment for Level-1 (elapsed wait: 71.2m; free General: 1),827.55,1002.7482,175.1982
300,765.293,1,827.7836,ADMITTED,General,62.4906,193.94,General bed available; least-specialized compatible assignment for Level-1 (elapsed wait: 62.5m; free General: 1),827.7836,920.2671,92.4835
302,767.5859,1,831.1117,ADMITTED,General,63.5259,194.31,General bed available; least-specialized compatible assignment for Level-1 (elapsed wait: 63.5m; free General: 1),831.1117,931.2902,100.1784
322,831.2061,2,831.2061,WAITING,NONE,0.0,0.0,Compatible capacity currently occupied; placed in waiting queue,,,264.0183
323,832.758,2,832.758,WAITING,NONE,0.0,0.0,Compatible capacity currently occupied; placed in waiting queue,,,185.2678
324,832.8613,1,832.8613,WAITING,NONE,0.0,0.0,Compatible capacity currently occupied; placed in waiting queue,,,164.6758
325,833.5221,1,833.5221,WAITING,NONE,0.0,0.0,Compatible capacity currently occupied; placed in waiting queue,,,96.9414
326,837.935,1,837.935,WAITING,NONE,0.0,0.0,Compatible capacity currently occupied; placed in waiting queue,,,228.9712
327,838.0905,2,838.0905,WAITING,NONE,0.0,0.0,Compatible capacity currently occupied; placed in waiting queue,,,230.5642
328,841.4887,1,841.4887,WAITING,NONE,0.0,0.0,Compatible capacity currently occupied; placed in waiting queue,,,138.6566
304,770.7206,1,845.1114,ADMITTED,General,74.3908,198.42,General bed available; least-specialized compatible assignment for Level-1 (elapsed wait: 74.4m; free General: 1),845.1114,980.7544,135.643
329,846.0839,1,846.0839,WAITING,NONE,0.0,0.0,Compatible capacity currently occupied; placed in waiting queue,,,124.6846
305,772.7536,1,846.467,ADMITTED,General,73.7134,198.15,General bed available; least-specialized compatible assignment for Level-1 (elapsed wait: 73.7m; free General: 1),846.467,965.5931,119.1261
330,847.1888,1,847.1888,WAITING,NONE,0.0,0.0,Compatible capacity currently occupied; placed in waiting queue,,,198.1067
310,787.5267,1,848.2509,ADMITTED,General,60.7243,193.31,General bed available; least-specialized compatible assignment for Level-1 (elapsed wait: 60.7m; free General: 1),848.2509,1063.7504,215.4995
331,849.2292,1,849.2292,WAITING,NONE,0.0,0.0,Compatible capacity currently occupied; placed in waiting queue,,,176.1768
242,616.2124,3,850.8404,ADMITTED,Critical,234.628,5185.85,Critical acuity priority allocation (elapsed wait: 234.6m; Critical free: 1/5),850.8404,1260.7931,409.9528
332,850.8491,1,850.8491,WAITING,NONE,0.0,0.0,Compatible capacity currently occupied; placed in waiting queue,,,121.4624
333,856.2297,2,856.2297,WAITING,NONE,0.0,0.0,Compatible capacity currently occupied; placed in waiting queue,,,130.6384
254,657.3995,3,856.9949,ADMITTED,Critical,199.5954,2176.71,Critical acuity priority allocation (elapsed wait: 199.6m; Critical free: 1/5),856.9949,1108.6725,251.6776
274,706.8086,3,857.9436,ADMITTED,Critical,151.135,1840.4,Critical acuity priority allocation (elapsed wait: 151.1m; Critical free: 1/5),857.9436,1046.6022,188.6586
311,792.5547,1,858.6644,ADMITTED,General,66.1097,195.25,General bed available; least-specialized compatible assignment for Level-1 (elapsed wait: 66.1m; free General: 1),858.6644,979.2574,120.5931
313,798.3191,1,859.0793,ADMITTED,General,60.7602,193.32,General bed available; least-specialized compatible assignment for Level-1 (elapsed wait: 60.8m; free General: 1),859.0793,1022.835,163.7557
334,859.5389,2,859.5389,WAITING,NONE,0.0,0.0,Compatible capacity currently occupied; placed in waiting queue,,,218.5551
335,860.5146,1,860.5146,WAITING,NONE,0.0,0.0,Compatible capacity currently occupied; placed in waiting queue,,,161.8184
245,623.3468,2,863.3468,REJECTED,NONE,240.0,0.0,Rejected after 240-minute waiting threshold,,,263.9297
336,865.0303,2,865.0303,WAITING,NONE,0.0,0.0,Compatible capacity currently occupied; placed in waiting queue,,,190.0235
315,799.7273,1,868.9626,ADMITTED,General,69.2353,196.42,General bed available; least-specialized compatible assignment for Level-1 (elapsed wait: 69.2m; free General: 1),868.9626,996.1348,127.1722
337,869.5305,2,869.5305,WAITING,NONE,0.0,0.0,Compatible capacity currently occupied; placed in waiting queue,,,174.7798
247,630.1853,2,870.1853,REJECTED,NONE,240.0,0.0,Rejected after 240-minute waiting threshold,,,176.2442
338,870.4756,1,870.4756,WAITING,NONE,0.0,0.0,Compatible capacity currently occupied; placed in waiting queue,,,101.7719
249,632.1973,2,872.1973,REJECTED,NONE,240.0,0.0,Rejected after 240-minute waiting threshold,,,200.9363
316,799.8943,1,874.0455,ADMITTED,General,74.1513,198.32,General bed available; least-specialized compatible assignment for Level-1 (elapsed wait: 74.2m; free General: 1),874.0455,933.0565,59.011
317,822.8009,1,874.4657,ADMITTED,General,51.6647,190.28,General bed available; least-specialized compatible assignment for Level-1 (elapsed wait: 51.7m; free General: 1),874.4657,966.7837,92.318
339,875.7968,1,875.7968,WAITING,NONE,0.0,0.0,Compatible capacity currently occupied; placed in waiting queue,,,93.1864
277,717.4197,3,876.3122,ADMITTED,Critical,158.8925,1857.11,Critical acuity priority allocation (elapsed wait: 158.9m; Critical free: 1/5),876.3122,1067.5043,191.1921
318,824.1625,1,876.9014,ADMITTED,General,52.7389,190.62,General bed available; least-specialized compatible assignment for Level-1 (elapsed wait: 52.7m; free General: 1),876.9014,1009.1625,132.2612
340,877.0743,2,877.0743,WAITING,NONE,0.0,0.0,Compatible capacity currently occupied; placed in waiting queue,,,189.7146
320,827.1729,1,877.3041,ADMITTED,General,50.1311,189.8,General bed available; least-specialized compatible assignment for Level-1 (elapsed wait: 50.1m; free General: 1),877.3041,1042.6291,165.325
321,827.208,1,878.9892,ADMITTED,General,51.7813,190.32,General bed available; least-specialized compatible assignment for Level-1 (elapsed wait: 51.8m; free General: 1),878.9892,1024.2811,145.2919
341,880.8646,1,880.8646,WAITING,NONE,0.0,0.0,Compatible capacity currently occupied; placed in waiting queue,,,82.6261
324,832.8613,1,881.6091,ADMITTED,General,48.7477,189.37,General bed available; least-specialized compatible assignment for Level-1 (elapsed wait: 48.7m; free General: 1),881.6091,1046.2849,164.6758
251,650.8846,2,883.7887,ADMITTED,Monitored,232.9041,1370.85,Monitored preferred bed assignment for Level-2 patient (elapsed wait: 232.9m; free Monitored: 1),883.7887,1041.0069,157.2182
258,666.4868,2,884.626,ADMITTED,Monitored,218.1392,1135.43,Monitored preferred bed assignment for Level-2 patient (elapsed wait: 218.1m; free Monitored: 1),884.626,986.4523,101.8263
342,887.9715,2,887.9715,WAITING,NONE,0.0,0.0,Compatible capacity currently occupied; placed in waiting queue,,,228.8373
343,889.4919,1,889.4919,WAITING,NONE,0.0,0.0,Compatible capacity currently occupied; placed in waiting queue,,,63.2037
344,892.2496,3,892.2496,WAITING,NONE,0.0,0.0,Compatible capacity currently occupied; placed in waiting queue,,,274.6454
325,833.5221,1,892.8542,ADMITTED,General,59.3322,192.83,General bed available; least-specialized compatible assignment for Level-1 (elapsed wait: 59.3m; free General: 1),892.8542,989.7957,96.9414
345,894.7151,2,894.7151,WAITING,NONE,0.0,0.0,Compatible capacity currently occupied; placed in waiting queue,,,169.5686
259,666.4894,2,895.807,ADMITTED,Monitored,229.3176,1306.94,Monitored preferred bed assignment for Level-2 patient (elapsed wait: 229.3m; free Monitored: 1),895.807,1095.3418,199.5348
346,898.3208,1,898.3208,WAITING,NONE,0.0,0.0,Compatible capacity currently occupied; placed in waiting queue,,,105.9746
347,899.0448,2,899.0448,WAITING,NONE,0.0,0.0,Compatible capacity currently occupied; placed in waiting queue,,,103.4786
326,837.935,1,901.5422,ADMITTED,General,63.6072,194.34,General bed available; least-specialized compatible assignment for Level-1 (elapsed wait: 63.6m; free General: 1),901.5422,1130.5134,228.9712
328,841.4887,1,902.9441,ADMITTED,General,61.4554,193.57,General bed available; least-specialized compatible assignment for Level-1 (elapsed wait: 61.5m; free General: 1),902.9441,1041.6007,138.6566
329,846.0839,1,902.9539,ADMITTED,General,56.8699,191.99,General bed available; least-specialized compatible assignment for Level-1 (elapsed wait: 56.9m; free General: 1),902.9539,1027.6384,124.6846
261,675.8875,2,904.5711,ADMITTED,Monitored,228.6836,1296.09,Monitored preferred bed assignment for Level-2 patient (elapsed wait: 228.7m; free Monitored: 1),904.5711,1121.9065,217.3354
348,905.4381,2,905.4381,WAITING,NONE,0.0,0.0,Compatible capacity currently occupied; placed in waiting queue,,,105.5463
330,847.1888,1,905.7058,ADMITTED,General,58.517,192.55,General bed available; least-specialized compatible assignment for Level-1 (elapsed wait: 58.5m; free General: 1),905.7058,1103.8125,198.1067
349,905.9557,2,905.9557,WAITING,NONE,0.0,0.0,Compatible capacity currently occupied; placed in waiting queue,,,214.5011
331,849.2292,1,909.734,ADMITTED,General,60.5048,193.23,General bed available; least-specialized compatible assignment for Level-1 (elapsed wait: 60.5m; free General: 1),909.734,1085.9108,176.1768
350,911.0018,1,911.0018,WAITING,NONE,0.0,0.0,Compatible capacity currently occupied; placed in waiting queue,,,114.8921
351,911.4769,3,911.4769,WAITING,NONE,0.0,0.0,Compatible capacity currently occupied; placed in waiting queue,,,509.5563
332,850.8491,1,917.7454,ADMITTED,General,66.8963,195.54,General bed available; least-specialized compatible assignment for Level-1 (elapsed wait: 66.9m; free General: 1),917.7454,1039.2078,121.4624
352,920.2249,1,920.2249,WAITING,NONE,0.0,0.0,Compatible capacity currently occupied; placed in waiting queue,,,150.3359
335,860.5146,1,920.2671,ADMITTED,General,59.7525,192.97,General bed available; least-specialized compatible assignment for Level-1 (elapsed wait: 59.8m; free General: 1),920.2671,1082.0854,161.8184
353,920.2695,1,920.2695,WAITING,NONE,0.0,0.0,Compatible capacity currently occupied; placed in waiting queue,,,87.7931
338,870.4756,1,920.3381,ADMITTED,General,49.8625,189.71,General bed available; least-specialized compatible assignment for Level-1 (elapsed wait: 49.9m; free General: 1),920.3381,1022.11,101.7719
354,920.6131,1,920.6131,WAITING,NONE,0.0,0.0,Compatible capacity currently occupied; placed in waiting queue,,,124.1903
263,681.2664,2,921.2664,REJECTED,NONE,240.0,0.0,Rejected after 240-minute waiting threshold,,,159.9348
355,922.7674,1,922.7674,WAITING,NONE,0.0,0.0,Compatible capacity currently occupied; placed in waiting queue,,,76.2395
356,923.7657,2,923.7657,WAITING,NONE,0.0,0.0,Compatible capacity currently occupied; placed in waiting queue,,,343.7758
339,875.7968,1,925.4341,ADMITTED,General,49.6373,189.64,General bed available; least-specialized compatible assignment for Level-1 (elapsed wait: 49.6m; free General: 1),925.4341,1018.6205,93.1864
357,927.2119,2,927.2119,WAITING,NONE,0.0,0.0,Compatible capacity currently occupied; placed in waiting queue,,,408.2111
341,880.8646,1,928.2375,ADMITTED,General,47.373,188.95,General bed available; least-specialized compatible assignment for Level-1 (elapsed wait: 47.4m; free General: 1),928.2375,1010.8636,82.6261
358,928.8295,1,928.8295,WAITING,NONE,0.0,0.0,Compatible capacity currently occupied; placed in waiting queue,,,132.9001
269,690.781,2,930.781,REJECTED,NONE,240.0,0.0,Rejected after 240-minute waiting threshold,,,113.6986
359,931.2884,1,931.2884,WAITING,NONE,0.0,0.0,Compatible capacity currently occupied; placed in waiting queue,,,68.9533
343,889.4919,1,931.2902,ADMITTED,General,41.7982,187.32,General bed available; least-specialized compatible assignment for Level-1 (elapsed wait: 41.8m; free General: 1),931.2902,994.4939,63.2037
346,898.3208,1,933.0565,ADMITTED,General,34.7358,185.45,General bed available; least-specialized compatible assignment for Level-1 (elapsed wait: 34.7m; free General: 1),933.0565,1039.0312,105.9746
360,933.7697,1,933.7697,WAITING,NONE,0.0,0.0,Compatible capacity currently occupied; placed in waiting queue,,,169.2017
350,911.0018,1,934.5299,ADMITTED,General,23.5281,182.92,General bed available; least-specialized compatible assignment for Level-1 (elapsed wait: 23.5m; free General: 1),934.5299,1049.422,114.8921
361,936.2033,1,936.2033,WAITING,NONE,0.0,0.0,Compatible capacity currently occupied; placed in waiting queue,,,172.0532
270,697.4388,2,937.4388,REJECTED,NONE,240.0,0.0,Rejected after 240-minute waiting threshold,,,123.4735
352,920.2249,1,940.1835,ADMITTED,General,19.9586,182.24,General bed available; least-specialized compatible assignment for Level-1 (elapsed wait: 20.0m; free General: 1),940.1835,1090.5194,150.3359
362,940.2364,1,940.2364,WAITING,NONE,0.0,0.0,Compatible capacity currently occupied; placed in waiting queue,,,102.7819
363,941.7595,2,941.7595,WAITING,NONE,0.0,0.0,Compatible capacity currently occupied; placed in waiting queue,,,253.8497
273,706.0738,2,942.6916,ADMITTED,Monitored,236.6178,1441.57,Monitored preferred bed assignment for Level-2 patient (elapsed wait: 236.6m; free Monitored: 1),942.6916,1280.9757,338.2841
364,947.2478,3,947.2478,WAITING,NONE,0.0,0.0,Compatible capacity currently occupied; placed in waiting queue,,,237.8469
365,950.8537,1,950.8537,WAITING,NONE,0.0,0.0,Compatible capacity currently occupied; placed in waiting queue,,,112.6202
366,951.6363,1,951.6363,WAITING,NONE,0.0,0.0,Compatible capacity currently occupied; placed in waiting queue,,,130.8261
367,955.7662,1,955.7662,WAITING,NONE,0.0,0.0,Compatible capacity currently occupied; placed in waiting queue,,,138.1239
280,724.6572,2,956.7509,ADMITTED,Monitored,232.0937,1356.03,Monitored preferred bed assignment for Level-2 patient (elapsed wait: 232.1m; free Monitored: 1),956.7509,1131.9087,175.1578
353,920.2695,1,959.2643,ADMITTED,General,38.9948,186.55,General bed available; least-specialized compatible assignment for Level-1 (elapsed wait: 39.0m; free General: 1),959.2643,1047.0575,87.7931
368,959.8608,1,959.8608,WAITING,NONE,0.0,0.0,Compatible capacity currently occupied; placed in waiting queue,,,204.0582
369,961.3815,2,961.3815,WAITING,NONE,0.0,0.0,Compatible capacity currently occupied; placed in waiting queue,,,159.1102
370,963.7873,2,963.7873,WAITING,NONE,0.0,0.0,Compatible capacity currently occupied; placed in waiting queue,,,222.8361
354,920.6131,1,965.5931,ADMITTED,General,44.9799,188.24,General bed available; least-specialized compatible assignment for Level-1 (elapsed wait: 45.0m; free General: 1),965.5931,1089.7834,124.1903
282,725.6794,3,965.6794,REJECTED,NONE,240.0,0.0,Rejected after 240-minute waiting threshold,,,211.4253
355,922.7674,1,966.7837,ADMITTED,General,44.0163,187.95,General bed available; least-specialized compatible assignment for Level-1 (elapsed wait: 44.0m; free General: 1),966.7837,1043.0232,76.2395
371,966.8401,1,966.8401,WAITING,NONE,0.0,0.0,Compatible capacity currently occupied; placed in waiting queue,,,133.5842
372,968.0161,1,968.0161,WAITING,NONE,0.0,0.0,Compatible capacity currently occupied; placed in waiting queue,,,152.2617
286,728.0919,2,968.0919,REJECTED,NONE,240.0,0.0,Rejected after 240-minute waiting threshold,,,168.9086
373,969.1076,1,969.1076,WAITING,NONE,0.0,0.0,Compatible capacity currently occupied; placed in waiting queue,,,73.1112
288,730.652,2,970.652,REJECTED,NONE,240.0,0.0,Rejected after 240-minute waiting threshold,,,320.2439
358,928.8295,1,971.615,ADMITTED,General,42.7855,187.6,General bed available; least-specialized compatible assignment for Level-1 (elapsed wait: 42.8m; free General: 1),971.615,1104.5151,132.9001
374,973.8053,2,973.8053,WAITING,NONE,0.0,0.0,Compatible capacity currently occupied; placed in waiting queue,,,182.5368
375,974.3383,2,974.3383,WAITING,NONE,0.0,0.0,Compatible capacity currently occupied; placed in waiting queue,,,246.6465
376,974.9759,2,974.9759,WAITING,NONE,0.0,0.0,Compatible capacity currently occupied; placed in waiting queue,,,116.2117
377,975.3577,1,975.3577,WAITING,NONE,0.0,0.0,Compatible capacity currently occupied; placed in waiting queue,,,151.0977
378,975.4513,1,975.4513,WAITING,NONE,0.0,0.0,Compatible capacity currently occupied; placed in waiting queue,,,88.8963
379,975.7666,1,975.7666,WAITING,NONE,0.0,0.0,Compatible capacity currently occupied; placed in waiting queue,,,78.4652
290,736.6741,3,976.6741,REJECTED,NONE,240.0,0.0,Rejected after 240-minute waiting threshold,,,190.6429
291,737.0609,2,977.0609,REJECTED,NONE,240.0,0.0,Rejected after 240-minute waiting threshold,,,157.6226
359,931.2884,1,979.2574,ADMITTED,General,47.969,189.13,General bed available; least-specialized compatible assignment for Level-1 (elapsed wait: 48.0m; free General: 1),979.2574,1048.2107,68.9533
293,739.7916,3,979.7916,REJECTED,NONE,240.0,0.0,Rejected after 240-minute waiting threshold,,,259.9468
360,933.7697,1,980.7544,ADMITTED,General,46.9847,188.83,General bed available; least-specialized compatible assignment for Level-1 (elapsed wait: 47.0m; free General: 1),980.7544,1149.956,169.2017
380,981.7361,1,981.7361,WAITING,NONE,0.0,0.0,Compatible capacity currently occupied; placed in waiting queue,,,84.9851
381,982.3586,1,982.3586,WAITING,NONE,0.0,0.0,Compatible capacity currently occupied; placed in waiting queue,,,115.6731
382,983.7857,3,983.7857,WAITING,NONE,0.0,0.0,Compatible capacity currently occupied; placed in waiting queue,,,362.4636
361,936.2033,1,985.8966,ADMITTED,General,49.6934,189.66,General bed available; least-specialized compatible assignment for Level-1 (elapsed wait: 49.7m; free General: 1),985.8966,1157.9498,172.0532
296,749.786,2,986.4523,ADMITTED,Monitored,236.6663,1442.52,Monitored preferred bed assignment for Level-2 patient (elapsed wait: 236.7m; free Monitored: 1),986.4523,1185.3434,198.8911
362,940.2364,1,989.7957,ADMITTED,General,49.5593,189.62,General bed available; least-specialized compatible assignment for Level-1 (elapsed wait: 49.6m; free General: 1),989.7957,1092.5775,102.7819
383,990.6138,1,990.6138,WAITING,NONE,0.0,0.0,Compatible capacity currently occupied; placed in waiting queue,,,94.0332
384,992.4213,3,992.4213,WAITING,NONE,0.0,0.0,Compatible capacity currently occupied; placed in waiting queue,,,424.6305
385,993.1348,2,993.1348,WAITING,NONE,0.0,0.0,Compatible capacity currently occupied; placed in waiting queue,,,127.959
386,994.1047,1,994.1047,WAITING,NONE,0.0,0.0,Compatible capacity currently occupied; placed in waiting queue,,,71.8436
365,950.8537,1,994.4939,ADMITTED,General,43.6402,187.85,General bed available; least-specialized compatible assignment for Level-1 (elapsed wait: 43.6m; free General: 1),994.4939,1107.1141,112.6202
387,995.4106,2,995.4106,WAITING,NONE,0.0,0.0,Compatible capacity currently occupied; placed in waiting queue,,,212.9938
388,995.641,1,995.641,WAITING,NONE,0.0,0.0,Compatible capacity currently occupied; placed in waiting queue,,,85.2037
366,951.6363,1,996.1348,ADMITTED,General,44.4986,188.09,General bed available; least-specialized compatible assignment for Level-1 (elapsed wait: 44.5m; free General: 1),996.1348,1126.961,130.8261
298,760.2733,3,1000.2733,REJECTED,NONE,240.0,0.0,Rejected after 240-minute waiting threshold,,,174.0147
299,760.3849,2,1000.3849,REJECTED,NONE,240.0,0.0,Rejected after 240-minute waiting threshold,,,177.234
389,1001.662,1,1001.662,WAITING,NONE,0.0,0.0,Compatible capacity currently occupied; placed in waiting queue,,,87.5434
367,955.7662,1,1002.7482,ADMITTED,General,46.982,188.83,General bed available; least-specialized compatible assignment for Level-1 (elapsed wait: 47.0m; free General: 1),1002.7482,1140.8721,138.1239
390,1004.0581,1,1004.0581,WAITING,NONE,0.0,0.0,Compatible capacity currently occupied; placed in waiting queue,,,169.7819
391,1004.2744,1,1004.2744,WAITING,NONE,0.0,0.0,Compatible capacity currently occupied; placed in waiting queue,,,69.3417
392,1004.3965,2,1004.3965,WAITING,NONE,0.0,0.0,Compatible capacity currently occupied; placed in waiting queue,,,275.7046
393,1006.8166,2,1006.8166,WAITING,NONE,0.0,0.0,Compatible capacity currently occupied; placed in waiting queue,,,169.5736
301,767.4274,2,1007.4274,REJECTED,NONE,240.0,0.0,Rejected after 240-minute waiting threshold,,,210.3794
394,1008.8054,3,1008.8054,WAITING,NONE,0.0,0.0,Compatible capacity currently occupied; placed in waiting queue,,,181.6354
368,959.8608,1,1009.1625,ADMITTED,General,49.3017,189.54,General bed available; least-specialized compatible assignment for Level-1 (elapsed wait: 49.3m; free General: 1),1009.1625,1213.2207,204.0582
303,769.6235,2,1009.6235,REJECTED,NONE,240.0,0.0,Rejected after 240-minute waiting threshold,,,136.4159
371,966.8401,1,1010.8636,ADMITTED,General,44.0236,187.96,General bed available; least-specialized compatible assignment for Level-1 (elapsed wait: 44.0m; free General: 1),1010.8636,1144.4479,133.5842
395,1011.6007,1,1011.6007,WAITING,NONE,0.0,0.0,Compatible capacity currently occupied; placed in waiting queue,,,155.3235
396,1012.643,3,1012.643,WAITING,NONE,0.0,0.0,Compatible capacity currently occupied; placed in waiting queue,,,380.4751
397,1018.1457,2,1018.1457,WAITING,NONE,0.0,0.0,Compatible capacity currently occupied; placed in waiting queue,,,137.1982
306,778.3509,3,1018.3509,REJECTED,NONE,240.0,0.0,Rejected after 240-minute waiting threshold,,,147.0252
372,968.0161,1,1018.6205,ADMITTED,General,50.6044,189.94,General bed available; least-specialized compatible assignment for Level-1 (elapsed wait: 50.6m; free General: 1),1018.6205,1170.8822,152.2617
398,1020.157,1,1020.157,WAITING,NONE,0.0,0.0,Compatible capacity currently occupied; placed in waiting queue,,,90.2104
307,780.2746,3,1020.2746,REJECTED,NONE,240.0,0.0,Rejected after 240-minute waiting threshold,,,270.2026
308,780.8121,2,1020.8121,REJECTED,NONE,240.0,0.0,Rejected after 240-minute waiting threshold,,,118.8266
309,780.8712,2,1020.8712,REJECTED,NONE,240.0,0.0,Rejected after 240-minute waiting threshold,,,178.9678
399,1021.9127,1,1021.9127,WAITING,NONE,0.0,0.0,Compatible capacity currently occupied; placed in waiting queue,,,135.4714
373,969.1076,1,1022.11,ADMITTED,General,53.0024,190.71,General bed available; least-specialized compatible assignment for Level-1 (elapsed wait: 53.0m; free General: 1),1022.11,1095.2212,73.1112
377,975.3577,1,1022.835,ADMITTED,General,47.4773,188.98,General bed available; least-specialized compatible assignment for Level-1 (elapsed wait: 47.5m; free General: 1),1022.835,1173.9327,151.0977
400,1022.9527,2,1022.9527,WAITING,NONE,0.0,0.0,Compatible capacity currently occupied; placed in waiting queue,,,170.7511
401,1023.2978,2,1023.2978,WAITING,NONE,0.0,0.0,Compatible capacity currently occupied; placed in waiting queue,,,149.2564
402,1023.553,1,1023.553,WAITING,NONE,0.0,0.0,Compatible capacity currently occupied; placed in waiting queue,,,144.9464
378,975.4513,1,1024.2811,ADMITTED,General,48.8298,189.39,General bed available; least-specialized compatible assignment for Level-1 (elapsed wait: 48.8m; free General: 1),1024.2811,1113.1774,88.8963
403,1024.561,1,1024.561,WAITING,NONE,0.0,0.0,Compatible capacity currently occupied; placed in waiting queue,,,164.5335
404,1025.9418,1,1025.9418,WAITING,NONE,0.0,0.0,Compatible capacity currently occupied; placed in waiting queue,,,115.5253
379,975.7666,1,1027.6384,ADMITTED,General,51.8718,190.35,General bed available; least-specialized compatible assignment for Level-1 (elapsed wait: 51.9m; free General: 1),1027.6384,1106.1037,78.4652
312,793.872,3,1033.872,REJECTED,NONE,240.0,0.0,Rejected after 240-minute waiting threshold,,,192.5128
405,1037.9388,2,1037.9388,WAITING,NONE,0.0,0.0,Compatible capacity currently occupied; placed in waiting queue,,,219.2212
314,798.3888,3,1038.3888,REJECTED,NONE,240.0,0.0,Rejected after 240-minute waiting threshold,,,178.7146
380,981.7361,1,1039.0312,ADMITTED,General,57.2951,192.13,General bed available; least-specialized compatible assignment for Level-1 (elapsed wait: 57.3m; free General: 1),1039.0312,1124.0162,84.9851
381,982.3586,1,1039.2078,ADMITTED,General,56.8492,191.98,General bed available; least-specialized compatible assignment for Level-1 (elapsed wait: 56.8m; free General: 1),1039.2078,1154.8809,115.6731
322,831.2061,2,1041.0069,ADMITTED,Monitored,209.8008,634.78,Monitored preferred bed assignment for Level-2 patient (elapsed wait: 209.8m; free Monitored: 1),1041.0069,1305.0252,264.0183
383,990.6138,1,1041.6007,ADMITTED,General,50.9869,190.06,General bed available; least-specialized compatible assignment for Level-1 (elapsed wait: 51.0m; free General: 1),1041.6007,1135.6339,94.0332
406,1042.1063,1,1042.1063,WAITING,NONE,0.0,0.0,Compatible capacity currently occupied; placed in waiting queue,,,92.033
386,994.1047,1,1042.6291,ADMITTED,General,48.5244,189.3,General bed available; least-specialized compatible assignment for Level-1 (elapsed wait: 48.5m; free General: 1),1042.6291,1114.4726,71.8436
388,995.641,1,1043.0232,ADMITTED,General,47.3821,188.95,General bed available; least-specialized compatible assignment for Level-1 (elapsed wait: 47.4m; free General: 1),1043.0232,1128.2269,85.2037
407,1043.5003,1,1043.5003,WAITING,NONE,0.0,0.0,Compatible capacity currently occupied; placed in waiting queue,,,123.9675
408,1043.9667,2,1043.9667,WAITING,NONE,0.0,0.0,Compatible capacity currently occupied; placed in waiting queue,,,109.9914
323,832.758,2,1044.432,ADMITTED,Monitored,211.674,655.36,Monitored preferred bed assignment for Level-2 patient (elapsed wait: 211.7m; free Monitored: 1),1044.432,1229.6998,185.2678
409,1045.7796,1,1045.7796,WAITING,NONE,0.0,0.0,Compatible capacity currently occupied; placed in waiting queue,,,119.41
410,1046.2557,3,1046.2557,WAITING,NONE,0.0,0.0,Compatible capacity currently occupied; placed in waiting queue,,,132.2762
389,1001.662,1,1046.2849,ADMITTED,General,44.6229,188.13,General bed available; least-specialized compatible assignment for Level-1 (elapsed wait: 44.6m; free General: 1),1046.2849,1133.8283,87.5434
319,824.6124,3,1046.6022,ADMITTED,Critical,221.9898,4439.22,Critical acuity priority allocation (elapsed wait: 222.0m; Critical free: 1/5),1046.6022,1234.1652,187.563
390,1004.0581,1,1047.0575,ADMITTED,General,42.9994,187.66,General bed available; least-specialized compatible assignment for Level-1 (elapsed wait: 43.0m; free General: 1),1047.0575,1216.8393,169.7819
411,1047.4605,1,1047.4605,WAITING,NONE,0.0,0.0,Compatible capacity currently occupied; placed in waiting queue,,,84.131
412,1048.1558,1,1048.1558,WAITING,NONE,0.0,0.0,Compatible capacity currently occupied; placed in waiting queue,,,95.7118
391,1004.2744,1,1048.2107,ADMITTED,General,43.9363,187.93,General bed available; least-specialized compatible assignment for Level-1 (elapsed wait: 43.9m; free General: 1),1048.2107,1117.5523,69.3417
395,1011.6007,1,1049.422,ADMITTED,General,37.8214,186.24,General bed available; least-specialized compatible assignment for Level-1 (elapsed wait: 37.8m; free General: 1),1049.422,1204.7456,155.3235
413,1051.5785,1,1051.5785,WAITING,NONE,0.0,0.0,Compatible capacity currently occupied; placed in waiting queue,,,195.4694
414,1052.1568,2,1052.1568,WAITING,NONE,0.0,0.0,Compatible capacity currently occupied; placed in waiting queue,,,143.7674
327,838.0905,2,1052.5813,ADMITTED,Monitored,214.4908,688.52,Monitored preferred bed assignment for Level-2 patient (elapsed wait: 214.5m; free Monitored: 1),1052.5813,1283.1455,230.5642
415,1059.0028,2,1059.0028,WAITING,NONE,0.0,0.0,Compatible capacity currently occupied; placed in waiting queue,,,147.8906
416,1060.2095,1,1060.2095,WAITING,NONE,0.0,0.0,Compatible capacity currently occupied; placed in waiting queue,,,169.358
398,1020.157,1,1063.7504,ADMITTED,General,43.5934,187.83,General bed available; least-specialized compatible assignment for Level-1 (elapsed wait: 43.6m; free General: 1),1063.7504,1153.9608,90.2104
417,1066.1939,1,1066.1939,WAITING,NONE,0.0,0.0,Compatible capacity currently occupied; placed in waiting queue,,,105.0404
344,892.2496,3,1067.5043,ADMITTED,Critical,175.2547,1893.97,Critical acuity priority allocation (elapsed wait: 175.3m; Critical free: 1/5),1067.5043,1342.1497,274.6454
418,1075.0043,1,1075.0043,WAITING,NONE,0.0,0.0,Compatible capacity currently occupied; placed in waiting queue,,,66.9353
419,1080.2355,1,1080.2355,WAITING,NONE,0.0,0.0,Compatible capacity currently occupied; placed in waiting queue,,,130.5666
420,1081.3288,3,1081.3288,WAITING,NONE,0.0,0.0,Compatible capacity currently occupied; placed in waiting queue,,,289.3086
421,1081.5088,2,1081.5088,WAITING,NONE,0.0,0.0,Compatible capacity currently occupied; placed in waiting queue,,,192.3579
399,1021.9127,1,1082.0854,ADMITTED,General,60.1727,193.12,General bed available; least-specialized compatible assignment for Level-1 (elapsed wait: 60.2m; free General: 1),1082.0854,1217.5568,135.4714
333,856.2297,2,1082.4064,ADMITTED,Monitored,226.1767,1254.52,Monitored preferred bed assignment for Level-2 patient (elapsed wait: 226.2m; free Monitored: 1),1082.4064,1213.0448,130.6384
422,1082.8561,1,1082.8561,WAITING,NONE,0.0,0.0,Compatible capacity currently occupied; placed in waiting queue,,,116.0624
423,1083.2468,1,1083.2468,WAITING,NONE,0.0,0.0,Compatible capacity currently occupied; placed in waiting queue,,,149.0458
424,1083.7079,2,1083.7079,WAITING,NONE,0.0,0.0,Compatible capacity currently occupied; placed in waiting queue,,,185.7142
402,1023.553,1,1085.9108,ADMITTED,General,62.3578,193.89,General bed available; least-specialized compatible assignment for Level-1 (elapsed wait: 62.4m; free General: 1),1085.9108,1230.8572,144.9464
425,1088.0189,1,1088.0189,WAITING,NONE,0.0,0.0,Compatible capacity currently occupied; placed in waiting queue,,,124.6461
426,1088.5931,1,1088.5931,WAITING,NONE,0.0,0.0,Compatible capacity currently occupied; placed in waiting queue,,,79.4666
427,1088.7811,2,1088.7811,WAITING,NONE,0.0,0.0,Compatible capacity currently occupied; placed in waiting queue,,,82.4611
403,1024.561,1,1089.7834,ADMITTED,General,65.2224,194.92,General bed available; least-specialized compatible assignment for Level-1 (elapsed wait: 65.2m; free General: 1),1089.7834,1254.3169,164.5335
428,1089.9382,2,1089.9382,WAITING,NONE,0.0,0.0,Compatible capacity currently occupied; placed in waiting queue,,,180.9109
404,1025.9418,1,1090.5194,ADMITTED,General,64.5775,194.69,General bed available; least-specialized compatible assignment for Level-1 (elapsed wait: 64.6m; free General: 1),1090.5194,1206.0447,115.5253
406,1042.1063,1,1092.5775,ADMITTED,General,50.4712,189.9,General bed available; least-specialized compatible assignment for Level-1 (elapsed wait: 50.5m; free General: 1),1092.5775,1184.6105,92.033
429,1092.7112,2,1092.7112,WAITING,NONE,0.0,0.0,Compatible capacity currently occupied; placed in waiting queue,,,181.6144
430,1093.506,2,1093.506,WAITING,NONE,0.0,0.0,Compatible capacity currently occupied; placed in waiting queue,,,178.0923
431,1094.3786,3,1094.3786,WAITING,NONE,0.0,0.0,Compatible capacity currently occupied; placed in waiting queue,,,145.7369
407,1043.5003,1,1095.2212,ADMITTED,General,51.7209,190.3,General bed available; least-specialized compatible assignment for Level-1 (elapsed wait: 51.7m; free General: 1),1095.2212,1219.1886,123.9675
334,859.5389,2,1095.3418,ADMITTED,Monitored,235.8029,1425.65,Monitored preferred bed assignment for Level-2 patient (elapsed wait: 235.8m; free Monitored: 1),1095.3418,1313.8969,218.5551
432,1095.7198,1,1095.7198,WAITING,NONE,0.0,0.0,Compatible capacity currently occupied; placed in waiting queue,,,111.474
351,911.4769,3,1097.0251,ADMITTED,Critical,185.5482,1936.21,Critical acuity priority allocation (elapsed wait: 185.5m; Critical free: 1/5),1097.0251,1606.5814,509.5563
433,1098.7056,1,1098.7056,WAITING,NONE,0.0,0.0,Compatible capacity currently occupied; placed in waiting queue,,,50.3651
434,1099.6658,3,1099.6658,WAITING,NONE,0.0,0.0,Compatible capacity currently occupied; placed in waiting queue,,,327.5387
435,1100.6478,1,1100.6478,WAITING,NONE,0.0,0.0,Compatible capacity currently occupied; placed in waiting queue,,,100.3316
436,1101.4841,1,1101.4841,WAITING,NONE,0.0,0.0,Compatible capacity currently occupied; placed in waiting queue,,,126.7226
409,1045.7796,1,1103.8125,ADMITTED,General,58.0328,192.38,General bed available; least-specialized compatible assignment for Level-1 (elapsed wait: 58.0m; free General: 1),1103.8125,1223.2225,119.41
411,1047.4605,1,1104.5151,ADMITTED,General,57.0546,192.05,General bed available; least-specialized compatible assignment for Level-1 (elapsed wait: 57.1m; free General: 1),1104.5151,1188.6461,84.131
336,865.0303,2,1105.0303,REJECTED,NONE,240.0,0.0,Rejected after 240-minute waiting threshold,,,190.0235
437,1106.0796,1,1106.0796,WAITING,NONE,0.0,0.0,Compatible capacity currently occupied; placed in waiting queue,,,182.6622
412,1048.1558,1,1106.1037,ADMITTED,General,57.9479,192.35,General bed available; least-specialized compatible assignment for Level-1 (elapsed wait: 57.9m; free General: 1),1106.1037,1201.8155,95.7118
413,1051.5785,1,1107.1141,ADMITTED,General,55.5356,191.54,General bed available; least-specialized compatible assignment for Level-1 (elapsed wait: 55.5m; free General: 1),1107.1141,1302.5835,195.4694
364,947.2478,3,1108.6725,ADMITTED,Critical,161.4246,1862.67,Critical acuity priority allocation (elapsed wait: 161.4m; Critical free: 1/5),1108.6725,1346.5194,237.8469
438,1108.8819,1,1108.8819,WAITING,NONE,0.0,0.0,Compatible capacity currently occupied; placed in waiting queue,,,99.1677
337,869.5305,2,1109.5305,REJECTED,NONE,240.0,0.0,Rejected after 240-minute waiting threshold,,,174.7798
439,1110.5667,2,1110.5667,WAITING,NONE,0.0,0.0,Compatible capacity currently occupied; placed in waiting queue,,,171.3646
440,1110.9525,1,1110.9525,WAITING,NONE,0.0,0.0,Compatible capacity currently occupied; placed in waiting queue,,,152.3008
416,1060.2095,1,1113.1774,ADMITTED,General,52.9679,190.7,General bed available; least-specialized compatible assignment for Level-1 (elapsed wait: 53.0m; free General: 1),1113.1774,1282.5354,169.358
441,1114.4349,3,1114.4349,WAITING,NONE,0.0,0.0,Compatible capacity currently occupied; placed in waiting queue,,,302.9985
417,1066.1939,1,1114.4726,ADMITTED,General,48.2787,189.22,General bed available; least-specialized compatible assignment for Level-1 (elapsed wait: 48.3m; free General: 1),1114.4726,1219.5131,105.0404
340,877.0743,2,1116.0218,ADMITTED,Monitored,238.9475,1488.29,Monitored preferred bed assignment for Level-2 patient (elapsed wait: 238.9m; free Monitored: 1),1116.0218,1305.7364,189.7146
442,1117.0603,1,1117.0603,WAITING,NONE,0.0,0.0,Compatible capacity currently occupied; placed in waiting queue,,,237.3532
418,1075.0043,1,1117.5523,ADMITTED,General,42.548,187.53,General bed available; least-specialized compatible assignment for Level-1 (elapsed wait: 42.5m; free General: 1),1117.5523,1184.4876,66.9353
443,1121.0045,1,1121.0045,WAITING,NONE,0.0,0.0,Compatible capacity currently occupied; placed in waiting queue,,,188.9863
444,1121.8378,1,1121.8378,WAITING,NONE,0.0,0.0,Compatible capacity currently occupied; placed in waiting queue,,,125.4779
342,887.9715,2,1121.9065,ADMITTED,Monitored,233.9349,1390.01,Monitored preferred bed assignment for Level-2 patient (elapsed wait: 233.9m; free Monitored: 1),1121.9065,1350.7437,228.8373
445,1122.4749,2,1122.4749,WAITING,NONE,0.0,0.0,Compatible capacity currently occupied; placed in waiting queue,,,183.6195
446,1123.5879,2,1123.5879,WAITING,NONE,0.0,0.0,Compatible capacity currently occupied; placed in waiting queue,,,152.7665
419,1080.2355,1,1124.0162,ADMITTED,General,43.7807,187.89,General bed available; least-specialized compatible assignment for Level-1 (elapsed wait: 43.8m; free General: 1),1124.0162,1254.5828,130.5666
422,1082.8561,1,1126.961,ADMITTED,General,44.1048,187.98,General bed available; least-specialized compatible assignment for Level-1 (elapsed wait: 44.1m; free General: 1),1126.961,1243.0234,116.0624
447,1127.5728,1,1127.5728,WAITING,NONE,0.0,0.0,Compatible capacity currently occupied; placed in waiting queue,,,158.1255
448,1127.6336,2,1127.6336,WAITING,NONE,0.0,0.0,Compatible capacity currently occupied; placed in waiting queue,,,103.159
449,1127.7208,1,1127.7208,WAITING,NONE,0.0,0.0,Compatible capacity currently occupied; placed in waiting queue,,,85.7724
423,1083.2468,1,1128.2269,ADMITTED,General,44.98,188.24,General bed available; least-specialized compatible assignment for Level-1 (elapsed wait: 45.0m; free General: 1),1128.2269,1277.2727,149.0458
450,1129.3437,2,1129.3437,WAITING,NONE,0.0,0.0,Compatible capacity currently occupied; placed in waiting queue,,,229.4418
451,1129.6493,1,1129.6493,WAITING,NONE,0.0,0.0,Compatible capacity currently occupied; placed in waiting queue,,,179.4429
425,1088.0189,1,1130.5134,ADMITTED,General,42.4944,187.52,General bed available; least-specialized compatible assignment for Level-1 (elapsed wait: 42.5m; free General: 1),1130.5134,1255.1595,124.6461
345,894.7151,2,1131.9087,ADMITTED,Monitored,237.1936,1452.95,Monitored preferred bed assignment for Level-2 patient (elapsed wait: 237.2m; free Monitored: 1),1131.9087,1301.4773,169.5686
452,1132.8958,3,1132.8958,WAITING,NONE,0.0,0.0,Compatible capacity currently occupied; placed in waiting queue,,,238.2984
426,1088.5931,1,1133.8283,ADMITTED,General,45.2352,188.31,General bed available; least-specialized compatible assignment for Level-1 (elapsed wait: 45.2m; free General: 1),1133.8283,1213.2948,79.4666
432,1095.7198,1,1135.6339,ADMITTED,General,39.9141,186.8,General bed available; least-specialized compatible assignment for Level-1 (elapsed wait: 39.9m; free General: 1),1135.6339,1247.1078,111.474
453,1136.4153,1,1136.4153,WAITING,NONE,0.0,0.0,Compatible capacity currently occupied; placed in waiting queue,,,115.5723
454,1136.7881,1,1136.7881,WAITING,NONE,0.0,0.0,Compatible capacity currently occupied; placed in waiting queue,,,148.3613
347,899.0448,2,1139.0448,REJECTED,NONE,240.0,0.0,Rejected after 240-minute waiting threshold,,,103.4786
433,1098.7056,1,1140.8721,ADMITTED,General,42.1665,187.43,General bed available; least-specialized compatible assignment for Level-1 (elapsed wait: 42.2m; free General: 1),1140.8721,1191.2372,50.3651
455,1143.7568,2,1143.7568,WAITING,NONE,0.0,0.0,Compatible capacity currently occupied; placed in waiting queue,,,123.7406
435,1100.6478,1,1144.4479,ADMITTED,General,43.8,187.89,General bed available; least-specialized compatible assignment for Level-1 (elapsed wait: 43.8m; free General: 1),1144.4479,1244.7794,100.3316
456,1145.0428,1,1145.0428,WAITING,NONE,0.0,0.0,Compatible capacity currently occupied; placed in waiting queue,,,109.1119
348,905.4381,2,1145.4381,REJECTED,NONE,240.0,0.0,Rejected after 240-minute waiting threshold,,,105.5463
349,905.9557,2,1145.9557,REJECTED,NONE,240.0,0.0,Rejected after 240-minute waiting threshold,,,214.5011
457,1146.2282,1,1146.2282,WAITING,NONE,0.0,0.0,Compatible capacity currently occupied; placed in waiting queue,,,117.5068
436,1101.4841,1,1149.956,ADMITTED,General,48.4719,189.28,General bed available; least-specialized compatible assignment for Level-1 (elapsed wait: 48.5m; free General: 1),1149.956,1276.6787,126.7226
458,1153.6277,1,1153.6277,WAITING,NONE,0.0,0.0,Compatible capacity currently occupied; placed in waiting queue,,,83.103
437,1106.0796,1,1153.9608,ADMITTED,General,47.8812,189.1,General bed available; least-specialized compatible assignment for Level-1 (elapsed wait: 47.9m; free General: 1),1153.9608,1336.623,182.6622
438,1108.8819,1,1154.8809,ADMITTED,General,45.999,188.54,General bed available; least-specialized compatible assignment for Level-1 (elapsed wait: 46.0m; free General: 1),1154.8809,1254.0486,99.1677
459,1155.8041,1,1155.8041,WAITING,NONE,0.0,0.0,Compatible capacity currently occupied; placed in waiting queue,,,152.9296
460,1155.9666,1,1155.9666,WAITING,NONE,0.0,0.0,Compatible capacity currently occupied; placed in waiting queue,,,119.5453
461,1157.3121,3,1157.3121,WAITING,NONE,0.0,0.0,Compatible capacity currently occupied; placed in waiting queue,,,119.4992
440,1110.9525,1,1157.9498,ADMITTED,General,46.9974,188.83,General bed available; least-specialized compatible assignment for Level-1 (elapsed wait: 47.0m; free General: 1),1157.9498,1310.2506,152.3008
462,1162.6458,1,1162.6458,WAITING,NONE,0.0,0.0,Compatible capacity currently occupied; placed in waiting queue,,,97.2339
356,923.7657,2,1163.7657,REJECTED,NONE,240.0,0.0,Rejected after 240-minute waiting threshold,,,343.7758
463,1165.7547,1,1165.7547,WAITING,NONE,0.0,0.0,Compatible capacity currently occupied; placed in waiting queue,,,126.39
464,1166.5259,2,1166.5259,WAITING,NONE,0.0,0.0,Compatible capacity currently occupied; placed in waiting queue,,,234.0402
357,927.2119,2,1167.2119,REJECTED,NONE,240.0,0.0,Rejected after 240-minute waiting threshold,,,408.2111
465,1167.245,1,1167.245,WAITING,NONE,0.0,0.0,Compatible capacity currently occupied; placed in waiting queue,,,118.4054
466,1170.0854,2,1170.0854,WAITING,NONE,0.0,0.0,Compatible capacity currently occupied; placed in waiting queue,,,212.5786
442,1117.0603,1,1170.8822,ADMITTED,General,53.8219,190.97,General bed available; least-specialized compatible assignment for Level-1 (elapsed wait: 53.8m; free General: 1),1170.8822,1408.2354,237.3532
467,1172.404,3,1172.404,WAITING,NONE,0.0,0.0,Compatible capacity currently occupied; placed in waiting queue,,,192.7008
468,1173.1149,1,1173.1149,WAITING,NONE,0.0,0.0,Compatible capacity currently occupied; placed in waiting queue,,,133.2511
469,1173.5298,2,1173.5298,WAITING,NONE,0.0,0.0,Compatible capacity currently occupied; placed in waiting queue,,,228.2621
443,1121.0045,1,1173.9327,ADMITTED,General,52.9282,190.68,General bed available; least-specialized compatible assignment for Level-1 (elapsed wait: 52.9m; free General: 1),1173.9327,1362.919,188.9863
470,1176.2103,2,1176.2103,WAITING,NONE,0.0,0.0,Compatible capacity currently occupied; placed in waiting queue,,,438.0932
471,1177.9883,1,1177.9883,WAITING,NONE,0.0,0.0,Compatible capacity currently occupied; placed in waiting queue,,,135.2724
472,1178.5578,1,1178.5578,WAITING,NONE,0.0,0.0,Compatible capacity currently occupied; placed in waiting queue,,,163.5668
473,1181.3212,1,1181.3212,WAITING,NONE,0.0,0.0,Compatible capacity currently occupied; placed in waiting queue,,,118.8364
363,941.7595,2,1181.7595,REJECTED,NONE,240.0,0.0,Rejected after 240-minute waiting threshold,,,253.8497
474,1182.4275,1,1182.4275,WAITING,NONE,0.0,0.0,Compatible capacity currently occupied; placed in waiting queue,,,94.0349
475,1182.9564,1,1182.9564,WAITING,NONE,0.0,0.0,Compatible capacity currently occupied; placed in waiting queue,,,77.7195
444,1121.8378,1,1184.4876,ADMITTED,General,62.6498,193.99,General bed available; least-specialized compatible assignment for Level-1 (elapsed wait: 62.6m; free General: 1),1184.4876,1309.9655,125.4779
447,1127.5728,1,1184.6105,ADMITTED,General,57.0377,192.04,General bed available; least-specialized compatible assignment for Level-1 (elapsed wait: 57.0m; free General: 1),1184.6105,1342.736,158.1255
369,961.3815,2,1185.3434,ADMITTED,Monitored,223.9619,1219.54,Monitored preferred bed assignment for Level-2 patient (elapsed wait: 224.0m; free Monitored: 1),1185.3434,1344.4536,159.1102
476,1186.3594,3,1186.3594,WAITING,NONE,0.0,0.0,Compatible capacity currently occupied; placed in waiting queue,,,178.9688
477,1186.7086,2,1186.7086,WAITING,NONE,0.0,0.0,Compatible capacity currently occupied; placed in waiting queue,,,154.9468
449,1127.7208,1,1188.6461,ADMITTED,General,60.9253,193.38,General bed available; least-specialized compatible assignment for Level-1 (elapsed wait: 60.9m; free General: 1),1188.6461,1274.4185,85.7724
478,1189.8843,3,1189.8843,WAITING,NONE,0.0,0.0,Compatible capacity currently occupied; placed in waiting queue,,,299.6482
479,1190.0112,1,1190.0112,WAITING,NONE,0.0,0.0,Compatible capacity currently occupied; placed in waiting queue,,,139.866
451,1129.6493,1,1191.2372,ADMITTED,General,61.5879,193.62,General bed available; least-specialized compatible assignment for Level-1 (elapsed wait: 61.6m; free General: 1),1191.2372,1370.6801,179.4429
480,1194.4177,1,1194.4177,WAITING,NONE,0.0,0.0,Compatible capacity currently occupied; placed in waiting queue,,,127.6809
481,1194.5313,1,1194.5313,WAITING,NONE,0.0,0.0,Compatible capacity currently occupied; placed in waiting queue,,,129.7571
482,1199.7447,1,1199.7447,WAITING,NONE,0.0,0.0,Compatible capacity currently occupied; placed in waiting queue,,,157.2209
453,1136.4153,1,1201.8155,ADMITTED,General,65.4002,194.99,General bed available; least-specialized compatible assignment for Level-1 (elapsed wait: 65.4m; free General: 1),1201.8155,1317.3878,115.5723
483,1202.5234,1,1202.5234,WAITING,NONE,0.0,0.0,Compatible capacity currently occupied; placed in waiting queue,,,100.7718
370,963.7873,2,1203.7873,REJECTED,NONE,240.0,0.0,Rejected after 240-minute waiting threshold,,,222.8361
454,1136.7881,1,1204.7456,ADMITTED,General,67.9574,195.94,General bed available; least-specialized compatible assignment for Level-1 (elapsed wait: 68.0m; free General: 1),1204.7456,1353.1068,148.3613
484,1204.9415,1,1204.9415,WAITING,NONE,0.0,0.0,Compatible capacity currently occupied; placed in waiting queue,,,98.2057
485,1206.0192,2,1206.0192,WAITING,NONE,0.0,0.0,Compatible capacity currently occupied; placed in waiting queue,,,168.5579
456,1145.0428,1,1206.0447,ADMITTED,General,61.002,193.41,General bed available; least-specialized compatible assignment for Level-1 (elapsed wait: 61.0m; free General: 1),1206.0447,1315.1566,109.1119
486,1207.0039,1,1207.0039,WAITING,NONE,0.0,0.0,Compatible capacity currently occupied; placed in waiting queue,,,133.5707
487,1208.3773,2,1208.3773,WAITING,NONE,0.0,0.0,Compatible capacity currently occupied; placed in waiting queue,,,157.8009
488,1209.1854,1,1209.1854,WAITING,NONE,0.0,0.0,Compatible capacity currently occupied; placed in waiting queue,,,69.5002
489,1210.1266,1,1210.1266,WAITING,NONE,0.0,0.0,Compatible capacity currently occupied; placed in waiting queue,,,189.3697
490,1212.6273,2,1212.6273,WAITING,NONE,0.0,0.0,Compatible capacity currently occupied; placed in waiting queue,,,316.7242
374,973.8053,2,1213.0448,ADMITTED,Monitored,239.2396,1494.28,Monitored preferred bed assignment for Level-2 patient (elapsed wait: 239.2m; free Monitored: 1),1213.0448,1395.5816,182.5368
457,1146.2282,1,1213.2207,ADMITTED,General,66.9925,195.58,General bed available; least-specialized compatible assignment for Level-1 (elapsed wait: 67.0m; free General: 1),1213.2207,1330.7275,117.5068
458,1153.6277,1,1213.2948,ADMITTED,General,59.6671,192.94,General bed available; least-specialized compatible assignment for Level-1 (elapsed wait: 59.7m; free General: 1),1213.2948,1296.3979,83.103
375,974.3383,2,1214.3383,REJECTED,NONE,240.0,0.0,Rejected after 240-minute waiting threshold,,,246.6465
491,1214.9123,1,1214.9123,WAITING,NONE,0.0,0.0,Compatible capacity currently occupied; placed in waiting queue,,,107.2567
376,974.9759,2,1214.9759,REJECTED,NONE,240.0,0.0,Rejected after 240-minute waiting threshold,,,116.2117
492,1215.1247,1,1215.1247,WAITING,NONE,0.0,0.0,Compatible capacity currently occupied; placed in waiting queue,,,151.2561
493,1216.3431,1,1216.3431,WAITING,NONE,0.0,0.0,Compatible capacity currently occupied; placed in waiting queue,,,80.0015
494,1216.4921,2,1216.4921,WAITING,NONE,0.0,0.0,Compatible capacity currently occupied; placed in waiting queue,,,227.5652
459,1155.8041,1,1216.8393,ADMITTED,General,61.0352,193.42,General bed available; least-specialized compatible assignment for Level-1 (elapsed wait: 61.0m; free General: 1),1216.8393,1369.7689,152.9296
460,1155.9666,1,1217.5568,ADMITTED,General,61.5903,193.62,General bed available; least-specialized compatible assignment for Level-1 (elapsed wait: 61.6m; free General: 1),1217.5568,1337.1021,119.5453
462,1162.6458,1,1219.1886,ADMITTED,General,56.5428,191.88,General bed available; least-specialized compatible assignment for Level-1 (elapsed wait: 56.5m; free General: 1),1219.1886,1316.4225,97.2339
463,1165.7547,1,1219.5131,ADMITTED,General,53.7584,190.95,General bed available; least-specialized compatible assignment for Level-1 (elapsed wait: 53.8m; free General: 1),1219.5131,1345.9031,126.39
495,1220.6009,2,1220.6009,WAITING,NONE,0.0,0.0,Compatible capacity currently occupied; placed in waiting queue,,,162.2727
496,1222.8516,2,1222.8516,WAITING,NONE,0.0,0.0,Compatible capacity currently occupied; placed in waiting queue,,,197.592
465,1167.245,1,1223.2225,ADMITTED,General,55.9775,191.69,General bed available; least-specialized compatible assignment for Level-1 (elapsed wait: 56.0m; free General: 1),1223.2225,1341.628,118.4054
382,983.7857,3,1223.7857,REJECTED,NONE,240.0,0.0,Rejected after 240-minute waiting threshold,,,362.4636
497,1224.3524,1,1224.3524,WAITING,NONE,0.0,0.0,Compatible capacity currently occupied; placed in waiting queue,,,98.9105
498,1226.0499,1,1226.0499,WAITING,NONE,0.0,0.0,Compatible capacity currently occupied; placed in waiting queue,,,207.5574
499,1227.4893,3,1227.4893,WAITING,NONE,0.0,0.0,Compatible capacity currently occupied; placed in waiting queue,,,112.1439
500,1228.1718,1,1228.1718,WAITING,NONE,0.0,0.0,Compatible capacity currently occupied; placed in waiting queue,,,87.0842
385,993.1348,2,1229.6998,ADMITTED,Monitored,236.565,1440.53,Monitored preferred bed assignment for Level-2 patient (elapsed wait: 236.6m; free Monitored: 1),1229.6998,1357.6587,127.959
468,1173.1149,1,1230.8572,ADMITTED,General,57.7423,192.28,General bed available; least-specialized compatible assignment for Level-1 (elapsed wait: 57.7m; free General: 1),1230.8572,1364.1083,133.2511
384,992.4213,3,1232.4213,REJECTED,NONE,240.0,0.0,Rejected after 240-minute waiting threshold,,,424.6305
394,1008.8054,3,1234.1652,ADMITTED,Critical,225.3597,4619.97,Critical acuity priority allocation (elapsed wait: 225.4m; Critical free: 1/5),1234.1652,1415.8005,181.6354
387,995.4106,2,1235.4106,REJECTED,NONE,240.0,0.0,Rejected after 240-minute waiting threshold,,,212.9938
471,1177.9883,1,1243.0234,ADMITTED,General,65.035,194.86,General bed available; least-specialized compatible assignment for Level-1 (elapsed wait: 65.0m; free General: 1),1243.0234,1378.2957,135.2724
392,1004.3965,2,1244.3965,REJECTED,NONE,240.0,0.0,Rejected after 240-minute waiting threshold,,,275.7046
472,1178.5578,1,1244.7794,ADMITTED,General,66.2216,195.29,General bed available; least-specialized compatible assignment for Level-1 (elapsed wait: 66.2m; free General: 1),1244.7794,1408.3463,163.5668
393,1006.8166,2,1246.8166,REJECTED,NONE,240.0,0.0,Rejected after 240-minute waiting threshold,,,169.5736
473,1181.3212,1,1247.1078,ADMITTED,General,65.7867,195.13,General bed available; least-specialized compatible assignment for Level-1 (elapsed wait: 65.8m; free General: 1),1247.1078,1365.9443,118.8364
396,1012.643,3,1252.643,REJECTED,NONE,240.0,0.0,Rejected after 240-minute waiting threshold,,,380.4751
474,1182.4275,1,1254.0486,ADMITTED,General,71.6212,197.33,General bed available; least-specialized compatible assignment for Level-1 (elapsed wait: 71.6m; free General: 1),1254.0486,1348.0836,94.0349
475,1182.9564,1,1254.3169,ADMITTED,General,71.3605,197.23,General bed available; least-specialized compatible assignment for Level-1 (elapsed wait: 71.4m; free General: 1),1254.3169,1332.0363,77.7195
479,1190.0112,1,1254.5828,ADMITTED,General,64.5716,194.69,General bed available; least-specialized compatible assignment for Level-1 (elapsed wait: 64.6m; free General: 1),1254.5828,1394.4488,139.866
480,1194.4177,1,1255.1595,ADMITTED,General,60.7418,193.32,General bed available; least-specialized compatible assignment for Level-1 (elapsed wait: 60.7m; free General: 1),1255.1595,1382.8404,127.6809
397,1018.1457,2,1258.1457,REJECTED,NONE,240.0,0.0,Rejected after 240-minute waiting threshold,,,137.1982
410,1046.2557,3,1260.7931,ADMITTED,Critical,214.5374,2686.83,Critical acuity priority allocation (elapsed wait: 214.5m; Critical free: 1/5),1260.7931,1393.0694,132.2762
400,1022.9527,2,1262.9527,REJECTED,NONE,240.0,0.0,Rejected after 240-minute waiting threshold,,,170.7511
401,1023.2978,2,1263.2978,REJECTED,NONE,240.0,0.0,Rejected after 240-minute waiting threshold,,,149.2564
481,1194.5313,1,1274.4185,ADMITTED,General,79.8871,200.64,General bed available; least-specialized compatible assignment for Level-1 (elapsed wait: 79.9m; free General: 1),1274.4185,1404.1756,129.7571
482,1199.7447,1,1276.6787,ADMITTED,General,76.934,199.44,General bed available; least-specialized compatible assignment for Level-1 (elapsed wait: 76.9m; free General: 1),1276.6787,1433.8996,157.2209
483,1202.5234,1,1277.2727,ADMITTED,General,74.7493,198.56,General bed available; least-specialized compatible assignment for Level-1 (elapsed wait: 74.7m; free General: 1),1277.2727,1378.0445,100.7718
405,1037.9388,2,1277.9388,REJECTED,NONE,240.0,0.0,Rejected after 240-minute waiting threshold,,,219.2212
408,1043.9667,2,1280.9757,ADMITTED,Monitored,237.009,1449.29,Monitored preferred bed assignment for Level-2 patient (elapsed wait: 237.0m; free Monitored: 1),1280.9757,1390.9671,109.9914
484,1204.9415,1,1282.5354,ADMITTED,General,77.5939,199.7,General bed available; least-specialized compatible assignment for Level-1 (elapsed wait: 77.6m; free General: 1),1282.5354,1380.7411,98.2057
414,1052.1568,2,1283.1455,ADMITTED,Monitored,230.9887,1336.18,Monitored preferred bed assignment for Level-2 patient (elapsed wait: 231.0m; free Monitored: 1),1283.1455,1426.9129,143.7674
486,1207.0039,1,1296.3979,ADMITTED,General,89.394,204.71,General bed available; least-specialized compatible assignment for Level-1 (elapsed wait: 89.4m; free General: 1),1296.3979,1429.9685,133.5707
415,1059.0028,2,1299.0028,REJECTED,NONE,240.0,0.0,Rejected after 240-minute waiting threshold,,,147.8906
421,1081.5088,2,1301.4773,ADMITTED,Monitored,219.9686,1160.63,Monitored preferred bed assignment for Level-2 patient (elapsed wait: 220.0m; free Monitored: 1),1301.4773,1493.8352,192.3579
488,1209.1854,1,1302.5835,ADMITTED,General,93.3981,206.51,General bed available; least-specialized compatible assignment for Level-1 (elapsed wait: 93.4m; free General: 1),1302.5835,1372.0837,69.5002
424,1083.7079,2,1305.0252,ADMITTED,Monitored,221.3173,1179.93,Monitored preferred bed assignment for Level-2 patient (elapsed wait: 221.3m; free Monitored: 1),1305.0252,1490.7394,185.7142
427,1088.7811,2,1305.7364,ADMITTED,Monitored,216.9553,1119.72,Monitored preferred bed assignment for Level-2 patient (elapsed wait: 217.0m; free Monitored: 1),1305.7364,1388.1975,82.4611
489,1210.1266,1,1309.9655,ADMITTED,General,99.8388,209.49,General bed available; least-specialized compatible assignment for Level-1 (elapsed wait: 99.8m; free General: 1),1309.9655,1499.3352,189.3697
491,1214.9123,1,1310.2506,ADMITTED,General,95.3383,207.39,General bed available; least-specialized compatible assignment for Level-1 (elapsed wait: 95.3m; free General: 1),1310.2506,1417.5073,107.2567
428,1089.9382,2,1313.8969,ADMITTED,Monitored,223.9587,1219.49,Monitored preferred bed assignment for Level-2 patient (elapsed wait: 224.0m; free Monitored: 1),1313.8969,1494.8078,180.9109
492,1215.1247,1,1315.1566,ADMITTED,General,100.032,209.58,General bed available; least-specialized compatible assignment for Level-1 (elapsed wait: 100.0m; free General: 1),1315.1566,1466.4127,151.2561
493,1216.3431,1,1316.4225,ADMITTED,General,100.0794,209.61,General bed available; least-specialized compatible assignment for Level-1 (elapsed wait: 100.1m; free General: 1),1316.4225,1396.4241,80.0015
497,1224.3524,1,1317.3878,ADMITTED,General,93.0355,206.34,General bed available; least-specialized compatible assignment for Level-1 (elapsed wait: 93.0m; free General: 1),1317.3878,1416.2984,98.9105
420,1081.3288,3,1321.3288,REJECTED,NONE,240.0,0.0,Rejected after 240-minute waiting threshold,,,289.3086
498,1226.0499,1,1330.7275,ADMITTED,General,104.6776,211.81,General bed available; least-specialized compatible assignment for Level-1 (elapsed wait: 104.7m; free General: 1),1330.7275,1538.2849,207.5574
500,1228.1718,1,1332.0363,ADMITTED,General,103.8645,211.42,General bed available; least-specialized compatible assignment for Level-1 (elapsed wait: 103.9m; free General: 1),1332.0363,1419.1205,87.0842
429,1092.7112,2,1332.7112,REJECTED,NONE,240.0,0.0,Rejected after 240-minute waiting threshold,,,181.6144
430,1093.506,2,1333.506,REJECTED,NONE,240.0,0.0,Rejected after 240-minute waiting threshold,,,178.0923
431,1094.3786,3,1334.3786,REJECTED,NONE,240.0,0.0,Rejected after 240-minute waiting threshold,,,145.7369
434,1099.6658,3,1339.6658,REJECTED,NONE,240.0,0.0,Rejected after 240-minute waiting threshold,,,327.5387
441,1114.4349,3,1342.1497,ADMITTED,Critical,227.7148,4754.21,Critical acuity priority allocation (elapsed wait: 227.7m; Critical free: 1/5),1342.1497,1645.1482,302.9985
439,1110.5667,2,1344.4536,ADMITTED,Monitored,233.8869,1389.11,Monitored preferred bed assignment for Level-2 patient (elapsed wait: 233.9m; free Monitored: 1),1344.4536,1515.8182,171.3646
452,1132.8958,3,1346.5194,ADMITTED,Critical,213.6236,2648.1,Critical acuity priority allocation (elapsed wait: 213.6m; Critical free: 1/5),1346.5194,1584.8178,238.2984
445,1122.4749,2,1350.7437,ADMITTED,Monitored,228.2688,1289.07,Monitored preferred bed assignment for Level-2 patient (elapsed wait: 228.3m; free Monitored: 1),1350.7437,1534.3633,183.6195
446,1123.5879,2,1357.6587,ADMITTED,Monitored,234.0708,1392.57,Monitored preferred bed assignment for Level-2 patient (elapsed wait: 234.1m; free Monitored: 1),1357.6587,1510.4253,152.7665
448,1127.6336,2,1367.6336,REJECTED,NONE,240.0,0.0,Rejected after 240-minute waiting threshold,,,103.159
450,1129.3437,2,1369.3437,REJECTED,NONE,240.0,0.0,Rejected after 240-minute waiting threshold,,,229.4418
455,1143.7568,2,1383.7568,REJECTED,NONE,240.0,0.0,Rejected after 240-minute waiting threshold,,,123.7406
464,1166.5259,2,1388.1975,ADMITTED,Monitored,221.6716,1185.1,Monitored preferred bed assignment for Level-2 patient (elapsed wait: 221.7m; free Monitored: 1),1388.1975,1622.2378,234.0402
466,1170.0854,2,1390.9671,ADMITTED,Monitored,220.8817,1173.63,Monitored preferred bed assignment for Level-2 patient (elapsed wait: 220.9m; free Monitored: 1),1390.9671,1603.5457,212.5786
461,1157.3121,3,1393.0694,ADMITTED,Critical,235.7573,5261.69,Critical acuity priority allocation (elapsed wait: 235.8m; Critical free: 1/5),1393.0694,1512.5686,119.4992
469,1173.5298,2,1395.5816,ADMITTED,Monitored,222.0518,1190.69,Monitored preferred bed assignment for Level-2 patient (elapsed wait: 222.1m; free Monitored: 1),1395.5816,1623.8438,228.2621
467,1172.404,3,1412.404,REJECTED,NONE,240.0,0.0,Rejected after 240-minute waiting threshold,,,192.7008
476,1186.3594,3,1415.8005,ADMITTED,Critical,229.4412,4856.75,Critical acuity priority allocation (elapsed wait: 229.4m; Critical free: 1/5),1415.8005,1594.7693,178.9688
470,1176.2103,2,1416.2103,REJECTED,NONE,240.0,0.0,Rejected after 240-minute waiting threshold,,,438.0932
477,1186.7086,2,1426.7086,REJECTED,NONE,240.0,0.0,Rejected after 240-minute waiting threshold,,,154.9468
485,1206.0192,2,1426.9129,ADMITTED,Monitored,220.8937,1173.8,Monitored preferred bed assignment for Level-2 patient (elapsed wait: 220.9m; free Monitored: 1),1426.9129,1595.4708,168.5579
478,1189.8843,3,1429.8843,REJECTED,NONE,240.0,0.0,Rejected after 240-minute waiting threshold,,,299.6482
487,1208.3773,2,1448.3773,REJECTED,NONE,240.0,0.0,Rejected after 240-minute waiting threshold,,,157.8009
490,1212.6273,2,1452.6273,REJECTED,NONE,240.0,0.0,Rejected after 240-minute waiting threshold,,,316.7242
494,1216.4921,2,1456.4921,REJECTED,NONE,240.0,0.0,Rejected after 240-minute waiting threshold,,,227.5652
495,1220.6009,2,1460.6009,REJECTED,NONE,240.0,0.0,Rejected after 240-minute waiting threshold,,,162.2727
496,1222.8516,2,1462.8516,REJECTED,NONE,240.0,0.0,Rejected after 240-minute waiting threshold,,,197.592
499,1227.4893,3,1467.4893,REJECTED,NONE,240.0,0.0,Rejected after 240-minute waiting threshold,,,112.1439
